2026-09-11 23:22:59,582 (__init__.py:1280 MainThread) ERROR - TeleBot: "Threaded polling exception: A request to the Telegram API was unsuccessful. Error code: 409. Description: Conflict: terminated by other getUpdates request; make sure that only one bot instance is running"
2026-09-11 23:22:59,584 (__init__.py:1282 MainThread) ERROR - TeleBot: "Exception traceback:
Traceback (most recent call last):
  File "/home/helpflcorn/.local/lib/python3.14/site-packages/telebot/__init__.py", line 1273, in __threaded_polling
    polling_thread.raise_exceptions()
    ~~~~~~~~~~~~~~~~~~~~~~~~~~~~~~~^^
  File "/home/helpflcorn/.local/lib/python3.14/site-packages/telebot/util.py", line 116, in raise_exceptions
    raise self.exception_info
  File "/home/helpflcorn/.local/lib/python3.14/site-packages/telebot/util.py", line 98, in run
    task(*args, **kwargs)
    ~~~~^^^^^^^^^^^^^^^^^
  File "/home/helpflcorn/.local/lib/python3.14/site-packages/telebot/__init__.py", line 691, in __retrieve_updates
    updates = self.get_updates(offset=(self.last_update_id + 1),
                               allowed_updates=allowed_updates,
                               timeout=timeout, long_polling_timeout=long_polling_timeout)
  File "/home/helpflcorn/.local/lib/python3.14/site-packages/telebot/__init__.py", line 663, in get_updates
    json_updates = apihelper.get_updates(
        self.token, offset=offset, limit=limit, timeout=timeout, allowed_updates=allowed_updates,
        long_polling_timeout=long_polling_timeout)
  File "/home/helpflcorn/.local/lib/python3.14/site-packages/telebot/apihelper.py", line 382, in get_updates
    return _make_request(token, method_url, params=payload)
  File "/home/helpflcorn/.local/lib/python3.14/site-packages/telebot/apihelper.py", line 168, in _make_request
    json_result = _check_result(method_name, result)
  File "/home/helpflcorn/.local/lib/python3.14/site-packages/telebot/apihelper.py", line 197, in _check_result
    raise ApiTelegramException(method_name, result, result_json)
telebot.apihelper.ApiTelegramException: A request to the Telegram API was unsuccessful. Error code: 409. Description: Conflict: terminated by other getUpdates request; make sure that only one bot instance is running
"
2026-09-11 23:23:03,112 (__init__.py:1280 MainThread) ERROR - TeleBot: "Threaded polling exception: A request to the Telegram API was unsuccessful. Error code: 409. Description: Conflict: terminated by other getUpdates request; make sure that only one bot instance is running"
2026-09-11 23:23:03,114 (__init__.py:1282 MainThread) ERROR - TeleBot: "Exception traceback:
Traceback (most recent call last):
  File "/home/helpflcorn/.local/lib/python3.14/site-packages/telebot/__init__.py", line 1273, in __threaded_polling
    polling_thread.raise_exceptions()
    ~~~~~~~~~~~~~~~~~~~~~~~~~~~~~~~^^
  File "/home/helpflcorn/.local/lib/python3.14/site-packages/telebot/util.py", line 116, in raise_exceptions
    raise self.exception_info
  File "/home/helpflcorn/.local/lib/python3.14/site-packages/telebot/util.py", line 98, in run
    task(*args, **kwargs)
    ~~~~^^^^^^^^^^^^^^^^^
  File "/home/helpflcorn/.local/lib/python3.14/site-packages/telebot/__init__.py", line 691, in __retrieve_updates
    updates = self.get_updates(offset=(self.last_update_id + 1),
                               allowed_updates=allowed_updates,
                               timeout=timeout, long_polling_timeout=long_polling_timeout)
  File "/home/helpflcorn/.local/lib/python3.14/site-packages/telebot/__init__.py", line 663, in get_updates
    json_updates = apihelper.get_updates(
        self.token, offset=offset, limit=limit, timeout=timeout, allowed_updates=allowed_updates,
        long_polling_timeout=long_polling_timeout)
  File "/home/helpflcorn/.local/lib/python3.14/site-packages/telebot/apihelper.py", line 382, in get_updates
    return _make_request(token, method_url, params=payload)
  File "/home/helpflcorn/.local/lib/python3.14/site-packages/telebot/apihelper.py", line 168, in _make_request
    json_result = _check_result(method_name, result)
  File "/home/helpflcorn/.local/lib/python3.14/site-packages/telebot/apihelper.py", line 197, in _check_result
    raise ApiTelegramException(method_name, result, result_json)
telebot.apihelper.ApiTelegramException: A request to the Telegram API was unsuccessful. Error code: 409. Description: Conflict: terminated by other getUpdates request; make sure that only one bot instance is running
"
2026-09-11 23:23:03,407 (__init__.py:1280 MainThread) ERROR - TeleBot: "Threaded polling exception: A request to the Telegram API was unsuccessful. Error code: 409. Description: Conflict: terminated by other getUpdates request; make sure that only one bot instance is running"
2026-09-11 23:23:03,410 (__init__.py:1282 MainThread) ERROR - TeleBot: "Exception traceback:
Traceback (most recent call last):
  File "/home/helpflcorn/.local/lib/python3.14/site-packages/telebot/__init__.py", line 1273, in __threaded_polling
    polling_thread.raise_exceptions()
    ~~~~~~~~~~~~~~~~~~~~~~~~~~~~~~~^^
  File "/home/helpflcorn/.local/lib/python3.14/site-packages/telebot/util.py", line 116, in raise_exceptions
    raise self.exception_info
  File "/home/helpflcorn/.local/lib/python3.14/site-packages/telebot/util.py", line 98, in run
    task(*args, **kwargs)
    ~~~~^^^^^^^^^^^^^^^^^
  File "/home/helpflcorn/.local/lib/python3.14/site-packages/telebot/__init__.py", line 691, in __retrieve_updates
    updates = self.get_updates(offset=(self.last_update_id + 1),
                               allowed_updates=allowed_updates,
                               timeout=timeout, long_polling_timeout=long_polling_timeout)
  File "/home/helpflcorn/.local/lib/python3.14/site-packages/telebot/__init__.py", line 663, in get_updates
    json_updates = apihelper.get_updates(
        self.token, offset=offset, limit=limit, timeout=timeout, allowed_updates=allowed_updates,
        long_polling_timeout=long_polling_timeout)
  File "/home/helpflcorn/.local/lib/python3.14/site-packages/telebot/apihelper.py", line 382, in get_updates
    return _make_request(token, method_url, params=payload)
  File "/home/helpflcorn/.local/lib/python3.14/site-packages/telebot/apihelper.py", line 168, in _make_request
    json_result = _check_result(method_name, result)
  File "/home/helpflcorn/.local/lib/python3.14/site-packages/telebot/apihelper.py", line 197, in _check_result
    raise ApiTelegramException(method_name, result, result_json)
telebot.apihelper.ApiTelegramException: A request to the Telegram API was unsuccessful. Error code: 409. Description: Conflict: terminated by other getUpdates request; make sure that only one bot instance is running
"
2026-09-11 23:23:07,141 (__init__.py:1280 MainThread) ERROR - TeleBot: "Threaded polling exception: A request to the Telegram API was unsuccessful. Error code: 409. Description: Conflict: terminated by other getUpdates request; make sure that only one bot instance is running"
2026-09-11 23:23:07,144 (__init__.py:1282 MainThread) ERROR - TeleBot: "Exception traceback:
Traceback (most recent call last):
  File "/home/helpflcorn/.local/lib/python3.14/site-packages/telebot/__init__.py", line 1273, in __threaded_polling
    polling_thread.raise_exceptions()
    ~~~~~~~~~~~~~~~~~~~~~~~~~~~~~~~^^
  File "/home/helpflcorn/.local/lib/python3.14/site-packages/telebot/util.py", line 116, in raise_exceptions
    raise self.exception_info
  File "/home/helpflcorn/.local/lib/python3.14/site-packages/telebot/util.py", line 98, in run
    task(*args, **kwargs)
    ~~~~^^^^^^^^^^^^^^^^^
  File "/home/helpflcorn/.local/lib/python3.14/site-packages/telebot/__init__.py", line 691, in __retrieve_updates
    updates = self.get_updates(offset=(self.last_update_id + 1),
                               allowed_updates=allowed_updates,
                               timeout=timeout, long_polling_timeout=long_polling_timeout)
  File "/home/helpflcorn/.local/lib/python3.14/site-packages/telebot/__init__.py", line 663, in get_updates
    json_updates = apihelper.get_updates(
        self.token, offset=offset, limit=limit, timeout=timeout, allowed_updates=allowed_updates,
        long_polling_timeout=long_polling_timeout)
  File "/home/helpflcorn/.local/lib/python3.14/site-packages/telebot/apihelper.py", line 382, in get_updates
    return _make_request(token, method_url, params=payload)
  File "/home/helpflcorn/.local/lib/python3.14/site-packages/telebot/apihelper.py", line 168, in _make_request
    json_result = _check_result(method_name, result)
  File "/home/helpflcorn/.local/lib/python3.14/site-packages/telebot/apihelper.py", line 197, in _check_result
    raise ApiTelegramException(method_name, result, result_json)
telebot.apihelper.ApiTelegramException: A request to the Telegram API was unsuccessful. Error code: 409. Description: Conflict: terminated by other getUpdates request; make sure that only one bot instance is running
"
2026-09-11 23:23:07,687 (__init__.py:1280 MainThread) ERROR - TeleBot: "Threaded polling exception: A request to the Telegram API was unsuccessful. Error code: 409. Description: Conflict: terminated by other getUpdates request; make sure that only one bot instance is running"
2026-09-11 23:23:07,690 (__init__.py:1282 MainThread) ERROR - TeleBot: "Exception traceback:
Traceback (most recent call last):
  File "/home/helpflcorn/.local/lib/python3.14/site-packages/telebot/__init__.py", line 1273, in __threaded_polling
    polling_thread.raise_exceptions()
    ~~~~~~~~~~~~~~~~~~~~~~~~~~~~~~~^^
  File "/home/helpflcorn/.local/lib/python3.14/site-packages/telebot/util.py", line 116, in raise_exceptions
    raise self.exception_info
  File "/home/helpflcorn/.local/lib/python3.14/site-packages/telebot/util.py", line 98, in run
    task(*args, **kwargs)
    ~~~~^^^^^^^^^^^^^^^^^
  File "/home/helpflcorn/.local/lib/python3.14/site-packages/telebot/__init__.py", line 691, in __retrieve_updates
    updates = self.get_updates(offset=(self.last_update_id + 1),
                               allowed_updates=allowed_updates,
                               timeout=timeout, long_polling_timeout=long_polling_timeout)
  File "/home/helpflcorn/.local/lib/python3.14/site-packages/telebot/__init__.py", line 663, in get_updates
    json_updates = apihelper.get_updates(
        self.token, offset=offset, limit=limit, timeout=timeout, allowed_updates=allowed_updates,
        long_polling_timeout=long_polling_timeout)
  File "/home/helpflcorn/.local/lib/python3.14/site-packages/telebot/apihelper.py", line 382, in get_updates
    return _make_request(token, method_url, params=payload)
  File "/home/helpflcorn/.local/lib/python3.14/site-packages/telebot/apihelper.py", line 168, in _make_request
    json_result = _check_result(method_name, result)
  File "/home/helpflcorn/.local/lib/python3.14/site-packages/telebot/apihelper.py", line 197, in _check_result
    raise ApiTelegramException(method_name, result, result_json)
telebot.apihelper.ApiTelegramException: A request to the Telegram API was unsuccessful. Error code: 409. Description: Conflict: terminated by other getUpdates request; make sure that only one bot instance is running
"
2026-09-11 23:23:12,057 (__init__.py:1280 MainThread) ERROR - TeleBot: "Threaded polling exception: A request to the Telegram API was unsuccessful. Error code: 409. Description: Conflict: terminated by other getUpdates request; make sure that only one bot instance is running"
2026-09-11 23:23:12,060 (__init__.py:1282 MainThread) ERROR - TeleBot: "Exception traceback:
Traceback (most recent call last):
  File "/home/helpflcorn/.local/lib/python3.14/site-packages/telebot/__init__.py", line 1273, in __threaded_polling
    polling_thread.raise_exceptions()
    ~~~~~~~~~~~~~~~~~~~~~~~~~~~~~~~^^
  File "/home/helpflcorn/.local/lib/python3.14/site-packages/telebot/util.py", line 116, in raise_exceptions
    raise self.exception_info
  File "/home/helpflcorn/.local/lib/python3.14/site-packages/telebot/util.py", line 98, in run
    task(*args, **kwargs)
    ~~~~^^^^^^^^^^^^^^^^^
  File "/home/helpflcorn/.local/lib/python3.14/site-packages/telebot/__init__.py", line 691, in __retrieve_updates
    updates = self.get_updates(offset=(self.last_update_id + 1),
                               allowed_updates=allowed_updates,
                               timeout=timeout, long_polling_timeout=long_polling_timeout)
  File "/home/helpflcorn/.local/lib/python3.14/site-packages/telebot/__init__.py", line 663, in get_updates
    json_updates = apihelper.get_updates(
        self.token, offset=offset, limit=limit, timeout=timeout, allowed_updates=allowed_updates,
        long_polling_timeout=long_polling_timeout)
  File "/home/helpflcorn/.local/lib/python3.14/site-packages/telebot/apihelper.py", line 382, in get_updates
    return _make_request(token, method_url, params=payload)
  File "/home/helpflcorn/.local/lib/python3.14/site-packages/telebot/apihelper.py", line 168, in _make_request
    json_result = _check_result(method_name, result)
  File "/home/helpflcorn/.local/lib/python3.14/site-packages/telebot/apihelper.py", line 197, in _check_result
    raise ApiTelegramException(method_name, result, result_json)
telebot.apihelper.ApiTelegramException: A request to the Telegram API was unsuccessful. Error code: 409. Description: Conflict: terminated by other getUpdates request; make sure that only one bot instance is running
"
2026-09-11 23:23:13,101 (__init__.py:1280 MainThread) ERROR - TeleBot: "Threaded polling exception: A request to the Telegram API was unsuccessful. Error code: 409. Description: Conflict: terminated by other getUpdates request; make sure that only one bot instance is running"
2026-09-11 23:23:13,103 (__init__.py:1282 MainThread) ERROR - TeleBot: "Exception traceback:
Traceback (most recent call last):
  File "/home/helpflcorn/.local/lib/python3.14/site-packages/telebot/__init__.py", line 1273, in __threaded_polling
    polling_thread.raise_exceptions()
    ~~~~~~~~~~~~~~~~~~~~~~~~~~~~~~~^^
  File "/home/helpflcorn/.local/lib/python3.14/site-packages/telebot/util.py", line 116, in raise_exceptions
    raise self.exception_info
  File "/home/helpflcorn/.local/lib/python3.14/site-packages/telebot/util.py", line 98, in run
    task(*args, **kwargs)
    ~~~~^^^^^^^^^^^^^^^^^
  File "/home/helpflcorn/.local/lib/python3.14/site-packages/telebot/__init__.py", line 691, in __retrieve_updates
    updates = self.get_updates(offset=(self.last_update_id + 1),
                               allowed_updates=allowed_updates,
                               timeout=timeout, long_polling_timeout=long_polling_timeout)
  File "/home/helpflcorn/.local/lib/python3.14/site-packages/telebot/__init__.py", line 663, in get_updates
    json_updates = apihelper.get_updates(
        self.token, offset=offset, limit=limit, timeout=timeout, allowed_updates=allowed_updates,
        long_polling_timeout=long_polling_timeout)
  File "/home/helpflcorn/.local/lib/python3.14/site-packages/telebot/apihelper.py", line 382, in get_updates
    return _make_request(token, method_url, params=payload)
  File "/home/helpflcorn/.local/lib/python3.14/site-packages/telebot/apihelper.py", line 168, in _make_request
    json_result = _check_result(method_name, result)
  File "/home/helpflcorn/.local/lib/python3.14/site-packages/telebot/apihelper.py", line 197, in _check_result
    raise ApiTelegramException(method_name, result, result_json)
telebot.apihelper.ApiTelegramException: A request to the Telegram API was unsuccessful. Error code: 409. Description: Conflict: terminated by other getUpdates request; make sure that only one bot instance is running
"
2026-09-11 23:23:18,202 (__init__.py:1280 MainThread) ERROR - TeleBot: "Threaded polling exception: A request to the Telegram API was unsuccessful. Error code: 409. Description: Conflict: terminated by other getUpdates request; make sure that only one bot instance is running"
2026-09-11 23:23:18,204 (__init__.py:1282 MainThread) ERROR - TeleBot: "Exception traceback:
Traceback (most recent call last):
  File "/home/helpflcorn/.local/lib/python3.14/site-packages/telebot/__init__.py", line 1273, in __threaded_polling
    polling_thread.raise_exceptions()
    ~~~~~~~~~~~~~~~~~~~~~~~~~~~~~~~^^
  File "/home/helpflcorn/.local/lib/python3.14/site-packages/telebot/util.py", line 116, in raise_exceptions
    raise self.exception_info
  File "/home/helpflcorn/.local/lib/python3.14/site-packages/telebot/util.py", line 98, in run
    task(*args, **kwargs)
    ~~~~^^^^^^^^^^^^^^^^^
  File "/home/helpflcorn/.local/lib/python3.14/site-packages/telebot/__init__.py", line 691, in __retrieve_updates
    updates = self.get_updates(offset=(self.last_update_id + 1),
                               allowed_updates=allowed_updates,
                               timeout=timeout, long_polling_timeout=long_polling_timeout)
  File "/home/helpflcorn/.local/lib/python3.14/site-packages/telebot/__init__.py", line 663, in get_updates
    json_updates = apihelper.get_updates(
        self.token, offset=offset, limit=limit, timeout=timeout, allowed_updates=allowed_updates,
        long_polling_timeout=long_polling_timeout)
  File "/home/helpflcorn/.local/lib/python3.14/site-packages/telebot/apihelper.py", line 382, in get_updates
    return _make_request(token, method_url, params=payload)
  File "/home/helpflcorn/.local/lib/python3.14/site-packages/telebot/apihelper.py", line 168, in _make_request
    json_result = _check_result(method_name, result)
  File "/home/helpflcorn/.local/lib/python3.14/site-packages/telebot/apihelper.py", line 197, in _check_result
    raise ApiTelegramException(method_name, result, result_json)
telebot.apihelper.ApiTelegramException: A request to the Telegram API was unsuccessful. Error code: 409. Description: Conflict: terminated by other getUpdates request; make sure that only one bot instance is running
"
2026-09-11 23:23:20,255 (__init__.py:1280 MainThread) ERROR - TeleBot: "Threaded polling exception: A request to the Telegram API was unsuccessful. Error code: 409. Description: Conflict: terminated by other getUpdates request; make sure that only one bot instance is running"
2026-09-11 23:23:20,258 (__init__.py:1282 MainThread) ERROR - TeleBot: "Exception traceback:
Traceback (most recent call last):
  File "/home/helpflcorn/.local/lib/python3.14/site-packages/telebot/__init__.py", line 1273, in __threaded_polling
    polling_thread.raise_exceptions()
    ~~~~~~~~~~~~~~~~~~~~~~~~~~~~~~~^^
  File "/home/helpflcorn/.local/lib/python3.14/site-packages/telebot/util.py", line 116, in raise_exceptions
    raise self.exception_info
  File "/home/helpflcorn/.local/lib/python3.14/site-packages/telebot/util.py", line 98, in run
    task(*args, **kwargs)
    ~~~~^^^^^^^^^^^^^^^^^
  File "/home/helpflcorn/.local/lib/python3.14/site-packages/telebot/__init__.py", line 691, in __retrieve_updates
    updates = self.get_updates(offset=(self.last_update_id + 1),
                               allowed_updates=allowed_updates,
                               timeout=timeout, long_polling_timeout=long_polling_timeout)
  File "/home/helpflcorn/.local/lib/python3.14/site-packages/telebot/__init__.py", line 663, in get_updates
    json_updates = apihelper.get_updates(
        self.token, offset=offset, limit=limit, timeout=timeout, allowed_updates=allowed_updates,
        long_polling_timeout=long_polling_timeout)
  File "/home/helpflcorn/.local/lib/python3.14/site-packages/telebot/apihelper.py", line 382, in get_updates
    return _make_request(token, method_url, params=payload)
  File "/home/helpflcorn/.local/lib/python3.14/site-packages/telebot/apihelper.py", line 168, in _make_request
    json_result = _check_result(method_name, result)
  File "/home/helpflcorn/.local/lib/python3.14/site-packages/telebot/apihelper.py", line 197, in _check_result
    raise ApiTelegramException(method_name, result, result_json)
telebot.apihelper.ApiTelegramException: A request to the Telegram API was unsuccessful. Error code: 409. Description: Conflict: terminated by other getUpdates request; make sure that only one bot instance is running
"
2026-09-11 23:23:24,300 (__init__.py:1280 MainThread) ERROR - TeleBot: "Threaded polling exception: A request to the Telegram API was unsuccessful. Error code: 409. Description: Conflict: terminated by other getUpdates request; make sure that only one bot instance is running"
2026-09-11 23:23:24,303 (__init__.py:1282 MainThread) ERROR - TeleBot: "Exception traceback:
Traceback (most recent call last):
  File "/home/helpflcorn/.local/lib/python3.14/site-packages/telebot/__init__.py", line 1273, in __threaded_polling
    polling_thread.raise_exceptions()
    ~~~~~~~~~~~~~~~~~~~~~~~~~~~~~~~^^
  File "/home/helpflcorn/.local/lib/python3.14/site-packages/telebot/util.py", line 116, in raise_exceptions
    raise self.exception_info
  File "/home/helpflcorn/.local/lib/python3.14/site-packages/telebot/util.py", line 98, in run
    task(*args, **kwargs)
    ~~~~^^^^^^^^^^^^^^^^^
  File "/home/helpflcorn/.local/lib/python3.14/site-packages/telebot/__init__.py", line 691, in __retrieve_updates
    updates = self.get_updates(offset=(self.last_update_id + 1),
                               allowed_updates=allowed_updates,
                               timeout=timeout, long_polling_timeout=long_polling_timeout)
  File "/home/helpflcorn/.local/lib/python3.14/site-packages/telebot/__init__.py", line 663, in get_updates
    json_updates = apihelper.get_updates(
        self.token, offset=offset, limit=limit, timeout=timeout, allowed_updates=allowed_updates,
        long_polling_timeout=long_polling_timeout)
  File "/home/helpflcorn/.local/lib/python3.14/site-packages/telebot/apihelper.py", line 382, in get_updates
    return _make_request(token, method_url, params=payload)
  File "/home/helpflcorn/.local/lib/python3.14/site-packages/telebot/apihelper.py", line 168, in _make_request
    json_result = _check_result(method_name, result)
  File "/home/helpflcorn/.local/lib/python3.14/site-packages/telebot/apihelper.py", line 197, in _check_result
    raise ApiTelegramException(method_name, result, result_json)
telebot.apihelper.ApiTelegramException: A request to the Telegram API was unsuccessful. Error code: 409. Description: Conflict: terminated by other getUpdates request; make sure that only one bot instance is running
"
2026-09-11 23:23:28,341 (__init__.py:1280 MainThread) ERROR - TeleBot: "Threaded polling exception: A request to the Telegram API was unsuccessful. Error code: 409. Description: Conflict: terminated by other getUpdates request; make sure that only one bot instance is running"
2026-09-11 23:23:28,344 (__init__.py:1282 MainThread) ERROR - TeleBot: "Exception traceback:
Traceback (most recent call last):
  File "/home/helpflcorn/.local/lib/python3.14/site-packages/telebot/__init__.py", line 1273, in __threaded_polling
    polling_thread.raise_exceptions()
    ~~~~~~~~~~~~~~~~~~~~~~~~~~~~~~~^^
  File "/home/helpflcorn/.local/lib/python3.14/site-packages/telebot/util.py", line 116, in raise_exceptions
    raise self.exception_info
  File "/home/helpflcorn/.local/lib/python3.14/site-packages/telebot/util.py", line 98, in run
    task(*args, **kwargs)
    ~~~~^^^^^^^^^^^^^^^^^
  File "/home/helpflcorn/.local/lib/python3.14/site-packages/telebot/__init__.py", line 691, in __retrieve_updates
    updates = self.get_updates(offset=(self.last_update_id + 1),
                               allowed_updates=allowed_updates,
                               timeout=timeout, long_polling_timeout=long_polling_timeout)
  File "/home/helpflcorn/.local/lib/python3.14/site-packages/telebot/__init__.py", line 663, in get_updates
    json_updates = apihelper.get_updates(
        self.token, offset=offset, limit=limit, timeout=timeout, allowed_updates=allowed_updates,
        long_polling_timeout=long_polling_timeout)
  File "/home/helpflcorn/.local/lib/python3.14/site-packages/telebot/apihelper.py", line 382, in get_updates
    return _make_request(token, method_url, params=payload)
  File "/home/helpflcorn/.local/lib/python3.14/site-packages/telebot/apihelper.py", line 168, in _make_request
    json_result = _check_result(method_name, result)
  File "/home/helpflcorn/.local/lib/python3.14/site-packages/telebot/apihelper.py", line 197, in _check_result
    raise ApiTelegramException(method_name, result, result_json)
telebot.apihelper.ApiTelegramException: A request to the Telegram API was unsuccessful. Error code: 409. Description: Conflict: terminated by other getUpdates request; make sure that only one bot instance is running
"
2026-09-11 23:23:36,386 (__init__.py:1280 MainThread) ERROR - TeleBot: "Threaded polling exception: A request to the Telegram API was unsuccessful. Error code: 409. Description: Conflict: terminated by other getUpdates request; make sure that only one bot instance is running"
2026-09-11 23:23:36,388 (__init__.py:1282 MainThread) ERROR - TeleBot: "Exception traceback:
Traceback (most recent call last):
  File "/home/helpflcorn/.local/lib/python3.14/site-packages/telebot/__init__.py", line 1273, in __threaded_polling
    polling_thread.raise_exceptions()
    ~~~~~~~~~~~~~~~~~~~~~~~~~~~~~~~^^
  File "/home/helpflcorn/.local/lib/python3.14/site-packages/telebot/util.py", line 116, in raise_exceptions
    raise self.exception_info
  File "/home/helpflcorn/.local/lib/python3.14/site-packages/telebot/util.py", line 98, in run
    task(*args, **kwargs)
    ~~~~^^^^^^^^^^^^^^^^^
  File "/home/helpflcorn/.local/lib/python3.14/site-packages/telebot/__init__.py", line 691, in __retrieve_updates
    updates = self.get_updates(offset=(self.last_update_id + 1),
                               allowed_updates=allowed_updates,
                               timeout=timeout, long_polling_timeout=long_polling_timeout)
  File "/home/helpflcorn/.local/lib/python3.14/site-packages/telebot/__init__.py", line 663, in get_updates
    json_updates = apihelper.get_updates(
        self.token, offset=offset, limit=limit, timeout=timeout, allowed_updates=allowed_updates,
        long_polling_timeout=long_polling_timeout)
  File "/home/helpflcorn/.local/lib/python3.14/site-packages/telebot/apihelper.py", line 382, in get_updates
    return _make_request(token, method_url, params=payload)
  File "/home/helpflcorn/.local/lib/python3.14/site-packages/telebot/apihelper.py", line 168, in _make_request
    json_result = _check_result(method_name, result)
  File "/home/helpflcorn/.local/lib/python3.14/site-packages/telebot/apihelper.py", line 197, in _check_result
    raise ApiTelegramException(method_name, result, result_json)
telebot.apihelper.ApiTelegramException: A request to the Telegram API was unsuccessful. Error code: 409. Description: Conflict: terminated by other getUpdates request; make sure that only one bot instance is running
"
2026-09-11 23:23:44,427 (__init__.py:1280 MainThread) ERROR - TeleBot: "Threaded polling exception: A request to the Telegram API was unsuccessful. Error code: 409. Description: Conflict: terminated by other getUpdates request; make sure that only one bot instance is running"
2026-09-11 23:23:44,430 (__init__.py:1282 MainThread) ERROR - TeleBot: "Exception traceback:
Traceback (most recent call last):
  File "/home/helpflcorn/.local/lib/python3.14/site-packages/telebot/__init__.py", line 1273, in __threaded_polling
    polling_thread.raise_exceptions()
    ~~~~~~~~~~~~~~~~~~~~~~~~~~~~~~~^^
  File "/home/helpflcorn/.local/lib/python3.14/site-packages/telebot/util.py", line 116, in raise_exceptions
    raise self.exception_info
  File "/home/helpflcorn/.local/lib/python3.14/site-packages/telebot/util.py", line 98, in run
    task(*args, **kwargs)
    ~~~~^^^^^^^^^^^^^^^^^
  File "/home/helpflcorn/.local/lib/python3.14/site-packages/telebot/__init__.py", line 691, in __retrieve_updates
    updates = self.get_updates(offset=(self.last_update_id + 1),
                               allowed_updates=allowed_updates,
                               timeout=timeout, long_polling_timeout=long_polling_timeout)
  File "/home/helpflcorn/.local/lib/python3.14/site-packages/telebot/__init__.py", line 663, in get_updates
    json_updates = apihelper.get_updates(
        self.token, offset=offset, limit=limit, timeout=timeout, allowed_updates=allowed_updates,
        long_polling_timeout=long_polling_timeout)
  File "/home/helpflcorn/.local/lib/python3.14/site-packages/telebot/apihelper.py", line 382, in get_updates
    return _make_request(token, method_url, params=payload)
  File "/home/helpflcorn/.local/lib/python3.14/site-packages/telebot/apihelper.py", line 168, in _make_request
    json_result = _check_result(method_name, result)
  File "/home/helpflcorn/.local/lib/python3.14/site-packages/telebot/apihelper.py", line 197, in _check_result
    raise ApiTelegramException(method_name, result, result_json)
telebot.apihelper.ApiTelegramException: A request to the Telegram API was unsuccessful. Error code: 409. Description: Conflict: terminated by other getUpdates request; make sure that only one bot instance is running
"
2026-09-11 23:23:50,376 (__init__.py:1160 MainThread) ERROR - TeleBot: "Infinity polling: polling exited"
2026-09-11 23:23:50,376 (__init__.py:1162 MainThread) ERROR - TeleBot: "Break infinity polling"
Інтерактивний бот запущений...
2026-09-11 23:24:19,892 (__init__.py:1280 MainThread) ERROR - TeleBot: "Threaded polling exception: A request to the Telegram API was unsuccessful. Error code: 409. Description: Conflict: terminated by other getUpdates request; make sure that only one bot instance is running"
2026-09-11 23:24:19,895 (__init__.py:1282 MainThread) ERROR - TeleBot: "Exception traceback:
Traceback (most recent call last):
  File "/home/helpflcorn/.local/lib/python3.14/site-packages/telebot/__init__.py", line 1273, in __threaded_polling
    polling_thread.raise_exceptions()
    ~~~~~~~~~~~~~~~~~~~~~~~~~~~~~~~^^
  File "/home/helpflcorn/.local/lib/python3.14/site-packages/telebot/util.py", line 116, in raise_exceptions
    raise self.exception_info
  File "/home/helpflcorn/.local/lib/python3.14/site-packages/telebot/util.py", line 98, in run
    task(*args, **kwargs)
    ~~~~^^^^^^^^^^^^^^^^^
  File "/home/helpflcorn/.local/lib/python3.14/site-packages/telebot/__init__.py", line 691, in __retrieve_updates
    updates = self.get_updates(offset=(self.last_update_id + 1),
                               allowed_updates=allowed_updates,
                               timeout=timeout, long_polling_timeout=long_polling_timeout)
  File "/home/helpflcorn/.local/lib/python3.14/site-packages/telebot/__init__.py", line 663, in get_updates
    json_updates = apihelper.get_updates(
        self.token, offset=offset, limit=limit, timeout=timeout, allowed_updates=allowed_updates,
        long_polling_timeout=long_polling_timeout)
  File "/home/helpflcorn/.local/lib/python3.14/site-packages/telebot/apihelper.py", line 382, in get_updates
    return _make_request(token, method_url, params=payload)
  File "/home/helpflcorn/.local/lib/python3.14/site-packages/telebot/apihelper.py", line 168, in _make_request
    json_result = _check_result(method_name, result)
  File "/home/helpflcorn/.local/lib/python3.14/site-packages/telebot/apihelper.py", line 197, in _check_result
    raise ApiTelegramException(method_name, result, result_json)
telebot.apihelper.ApiTelegramException: A request to the Telegram API was unsuccessful. Error code: 409. Description: Conflict: terminated by other getUpdates request; make sure that only one bot instance is running
"
2026-09-11 23:24:51,938 (__init__.py:1280 MainThread) ERROR - TeleBot: "Threaded polling exception: A request to the Telegram API was unsuccessful. Error code: 409. Description: Conflict: terminated by other getUpdates request; make sure that only one bot instance is running"
2026-09-11 23:24:51,941 (__init__.py:1282 MainThread) ERROR - TeleBot: "Exception traceback:
Traceback (most recent call last):
  File "/home/helpflcorn/.local/lib/python3.14/site-packages/telebot/__init__.py", line 1273, in __threaded_polling
    polling_thread.raise_exceptions()
    ~~~~~~~~~~~~~~~~~~~~~~~~~~~~~~~^^
  File "/home/helpflcorn/.local/lib/python3.14/site-packages/telebot/util.py", line 116, in raise_exceptions
    raise self.exception_info
  File "/home/helpflcorn/.local/lib/python3.14/site-packages/telebot/util.py", line 98, in run
    task(*args, **kwargs)
    ~~~~^^^^^^^^^^^^^^^^^
  File "/home/helpflcorn/.local/lib/python3.14/site-packages/telebot/__init__.py", line 691, in __retrieve_updates
    updates = self.get_updates(offset=(self.last_update_id + 1),
                               allowed_updates=allowed_updates,
                               timeout=timeout, long_polling_timeout=long_polling_timeout)
  File "/home/helpflcorn/.local/lib/python3.14/site-packages/telebot/__init__.py", line 663, in get_updates
    json_updates = apihelper.get_updates(
        self.token, offset=offset, limit=limit, timeout=timeout, allowed_updates=allowed_updates,
        long_polling_timeout=long_polling_timeout)
  File "/home/helpflcorn/.local/lib/python3.14/site-packages/telebot/apihelper.py", line 382, in get_updates
    return _make_request(token, method_url, params=payload)
  File "/home/helpflcorn/.local/lib/python3.14/site-packages/telebot/apihelper.py", line 168, in _make_request
    json_result = _check_result(method_name, result)
  File "/home/helpflcorn/.local/lib/python3.14/site-packages/telebot/apihelper.py", line 197, in _check_result
    raise ApiTelegramException(method_name, result, result_json)
telebot.apihelper.ApiTelegramException: A request to the Telegram API was unsuccessful. Error code: 409. Description: Conflict: terminated by other getUpdates request; make sure that only one bot instance is running
"
2026-09-11 23:24:55,278 (__init__.py:1280 MainThread) ERROR - TeleBot: "Threaded polling exception: A request to the Telegram API was unsuccessful. Error code: 409. Description: Conflict: terminated by other getUpdates request; make sure that only one bot instance is running"
2026-09-11 23:24:55,281 (__init__.py:1282 MainThread) ERROR - TeleBot: "Exception traceback:
Traceback (most recent call last):
  File "/home/helpflcorn/.local/lib/python3.14/site-packages/telebot/__init__.py", line 1273, in __threaded_polling
    polling_thread.raise_exceptions()
    ~~~~~~~~~~~~~~~~~~~~~~~~~~~~~~~^^
  File "/home/helpflcorn/.local/lib/python3.14/site-packages/telebot/util.py", line 116, in raise_exceptions
    raise self.exception_info
  File "/home/helpflcorn/.local/lib/python3.14/site-packages/telebot/util.py", line 98, in run
    task(*args, **kwargs)
    ~~~~^^^^^^^^^^^^^^^^^
  File "/home/helpflcorn/.local/lib/python3.14/site-packages/telebot/__init__.py", line 691, in __retrieve_updates
    updates = self.get_updates(offset=(self.last_update_id + 1),
                               allowed_updates=allowed_updates,
                               timeout=timeout, long_polling_timeout=long_polling_timeout)
  File "/home/helpflcorn/.local/lib/python3.14/site-packages/telebot/__init__.py", line 663, in get_updates
    json_updates = apihelper.get_updates(
        self.token, offset=offset, limit=limit, timeout=timeout, allowed_updates=allowed_updates,
        long_polling_timeout=long_polling_timeout)
  File "/home/helpflcorn/.local/lib/python3.14/site-packages/telebot/apihelper.py", line 382, in get_updates
    return _make_request(token, method_url, params=payload)
  File "/home/helpflcorn/.local/lib/python3.14/site-packages/telebot/apihelper.py", line 168, in _make_request
    json_result = _check_result(method_name, result)
  File "/home/helpflcorn/.local/lib/python3.14/site-packages/telebot/apihelper.py", line 197, in _check_result
    raise ApiTelegramException(method_name, result, result_json)
telebot.apihelper.ApiTelegramException: A request to the Telegram API was unsuccessful. Error code: 409. Description: Conflict: terminated by other getUpdates request; make sure that only one bot instance is running
"
2026-09-11 23:25:55,321 (__init__.py:1280 MainThread) ERROR - TeleBot: "Threaded polling exception: A request to the Telegram API was unsuccessful. Error code: 409. Description: Conflict: terminated by other getUpdates request; make sure that only one bot instance is running"
2026-09-11 23:25:55,323 (__init__.py:1282 MainThread) ERROR - TeleBot: "Exception traceback:
Traceback (most recent call last):
  File "/home/helpflcorn/.local/lib/python3.14/site-packages/telebot/__init__.py", line 1273, in __threaded_polling
    polling_thread.raise_exceptions()
    ~~~~~~~~~~~~~~~~~~~~~~~~~~~~~~~^^
  File "/home/helpflcorn/.local/lib/python3.14/site-packages/telebot/util.py", line 116, in raise_exceptions
    raise self.exception_info
  File "/home/helpflcorn/.local/lib/python3.14/site-packages/telebot/util.py", line 98, in run
    task(*args, **kwargs)
    ~~~~^^^^^^^^^^^^^^^^^
  File "/home/helpflcorn/.local/lib/python3.14/site-packages/telebot/__init__.py", line 691, in __retrieve_updates
    updates = self.get_updates(offset=(self.last_update_id + 1),
                               allowed_updates=allowed_updates,
                               timeout=timeout, long_polling_timeout=long_polling_timeout)
  File "/home/helpflcorn/.local/lib/python3.14/site-packages/telebot/__init__.py", line 663, in get_updates
    json_updates = apihelper.get_updates(
        self.token, offset=offset, limit=limit, timeout=timeout, allowed_updates=allowed_updates,
        long_polling_timeout=long_polling_timeout)
  File "/home/helpflcorn/.local/lib/python3.14/site-packages/telebot/apihelper.py", line 382, in get_updates
    return _make_request(token, method_url, params=payload)
  File "/home/helpflcorn/.local/lib/python3.14/site-packages/telebot/apihelper.py", line 168, in _make_request
    json_result = _check_result(method_name, result)
  File "/home/helpflcorn/.local/lib/python3.14/site-packages/telebot/apihelper.py", line 197, in _check_result
    raise ApiTelegramException(method_name, result, result_json)
telebot.apihelper.ApiTelegramException: A request to the Telegram API was unsuccessful. Error code: 409. Description: Conflict: terminated by other getUpdates request; make sure that only one bot instance is running
"
2026-09-11 23:25:58,867 (__init__.py:1280 MainThread) ERROR - TeleBot: "Threaded polling exception: A request to the Telegram API was unsuccessful. Error code: 409. Description: Conflict: terminated by other getUpdates request; make sure that only one bot instance is running"
2026-09-11 23:25:58,870 (__init__.py:1282 MainThread) ERROR - TeleBot: "Exception traceback:
Traceback (most recent call last):
  File "/home/helpflcorn/.local/lib/python3.14/site-packages/telebot/__init__.py", line 1273, in __threaded_polling
    polling_thread.raise_exceptions()
    ~~~~~~~~~~~~~~~~~~~~~~~~~~~~~~~^^
  File "/home/helpflcorn/.local/lib/python3.14/site-packages/telebot/util.py", line 116, in raise_exceptions
    raise self.exception_info
  File "/home/helpflcorn/.local/lib/python3.14/site-packages/telebot/util.py", line 98, in run
    task(*args, **kwargs)
    ~~~~^^^^^^^^^^^^^^^^^
  File "/home/helpflcorn/.local/lib/python3.14/site-packages/telebot/__init__.py", line 691, in __retrieve_updates
    updates = self.get_updates(offset=(self.last_update_id + 1),
                               allowed_updates=allowed_updates,
                               timeout=timeout, long_polling_timeout=long_polling_timeout)
  File "/home/helpflcorn/.local/lib/python3.14/site-packages/telebot/__init__.py", line 663, in get_updates
    json_updates = apihelper.get_updates(
        self.token, offset=offset, limit=limit, timeout=timeout, allowed_updates=allowed_updates,
        long_polling_timeout=long_polling_timeout)
  File "/home/helpflcorn/.local/lib/python3.14/site-packages/telebot/apihelper.py", line 382, in get_updates
    return _make_request(token, method_url, params=payload)
  File "/home/helpflcorn/.local/lib/python3.14/site-packages/telebot/apihelper.py", line 168, in _make_request
    json_result = _check_result(method_name, result)
  File "/home/helpflcorn/.local/lib/python3.14/site-packages/telebot/apihelper.py", line 197, in _check_result
    raise ApiTelegramException(method_name, result, result_json)
telebot.apihelper.ApiTelegramException: A request to the Telegram API was unsuccessful. Error code: 409. Description: Conflict: terminated by other getUpdates request; make sure that only one bot instance is running
"
2026-09-11 23:26:58,912 (__init__.py:1280 MainThread) ERROR - TeleBot: "Threaded polling exception: A request to the Telegram API was unsuccessful. Error code: 409. Description: Conflict: terminated by other getUpdates request; make sure that only one bot instance is running"
2026-09-11 23:26:58,915 (__init__.py:1282 MainThread) ERROR - TeleBot: "Exception traceback:
Traceback (most recent call last):
  File "/home/helpflcorn/.local/lib/python3.14/site-packages/telebot/__init__.py", line 1273, in __threaded_polling
    polling_thread.raise_exceptions()
    ~~~~~~~~~~~~~~~~~~~~~~~~~~~~~~~^^
  File "/home/helpflcorn/.local/lib/python3.14/site-packages/telebot/util.py", line 116, in raise_exceptions
    raise self.exception_info
  File "/home/helpflcorn/.local/lib/python3.14/site-packages/telebot/util.py", line 98, in run
    task(*args, **kwargs)
    ~~~~^^^^^^^^^^^^^^^^^
  File "/home/helpflcorn/.local/lib/python3.14/site-packages/telebot/__init__.py", line 691, in __retrieve_updates
    updates = self.get_updates(offset=(self.last_update_id + 1),
                               allowed_updates=allowed_updates,
                               timeout=timeout, long_polling_timeout=long_polling_timeout)
  File "/home/helpflcorn/.local/lib/python3.14/site-packages/telebot/__init__.py", line 663, in get_updates
    json_updates = apihelper.get_updates(
        self.token, offset=offset, limit=limit, timeout=timeout, allowed_updates=allowed_updates,
        long_polling_timeout=long_polling_timeout)
  File "/home/helpflcorn/.local/lib/python3.14/site-packages/telebot/apihelper.py", line 382, in get_updates
    return _make_request(token, method_url, params=payload)
  File "/home/helpflcorn/.local/lib/python3.14/site-packages/telebot/apihelper.py", line 168, in _make_request
    json_result = _check_result(method_name, result)
  File "/home/helpflcorn/.local/lib/python3.14/site-packages/telebot/apihelper.py", line 197, in _check_result
    raise ApiTelegramException(method_name, result, result_json)
telebot.apihelper.ApiTelegramException: A request to the Telegram API was unsuccessful. Error code: 409. Description: Conflict: terminated by other getUpdates request; make sure that only one bot instance is running
"
2026-09-11 23:27:02,458 (__init__.py:1280 MainThread) ERROR - TeleBot: "Threaded polling exception: A request to the Telegram API was unsuccessful. Error code: 409. Description: Conflict: terminated by other getUpdates request; make sure that only one bot instance is running"
2026-09-11 23:27:02,460 (__init__.py:1282 MainThread) ERROR - TeleBot: "Exception traceback:
Traceback (most recent call last):
  File "/home/helpflcorn/.local/lib/python3.14/site-packages/telebot/__init__.py", line 1273, in __threaded_polling
    polling_thread.raise_exceptions()
    ~~~~~~~~~~~~~~~~~~~~~~~~~~~~~~~^^
  File "/home/helpflcorn/.local/lib/python3.14/site-packages/telebot/util.py", line 116, in raise_exceptions
    raise self.exception_info
  File "/home/helpflcorn/.local/lib/python3.14/site-packages/telebot/util.py", line 98, in run
    task(*args, **kwargs)
    ~~~~^^^^^^^^^^^^^^^^^
  File "/home/helpflcorn/.local/lib/python3.14/site-packages/telebot/__init__.py", line 691, in __retrieve_updates
    updates = self.get_updates(offset=(self.last_update_id + 1),
                               allowed_updates=allowed_updates,
                               timeout=timeout, long_polling_timeout=long_polling_timeout)
  File "/home/helpflcorn/.local/lib/python3.14/site-packages/telebot/__init__.py", line 663, in get_updates
    json_updates = apihelper.get_updates(
        self.token, offset=offset, limit=limit, timeout=timeout, allowed_updates=allowed_updates,
        long_polling_timeout=long_polling_timeout)
  File "/home/helpflcorn/.local/lib/python3.14/site-packages/telebot/apihelper.py", line 382, in get_updates
    return _make_request(token, method_url, params=payload)
  File "/home/helpflcorn/.local/lib/python3.14/site-packages/telebot/apihelper.py", line 168, in _make_request
    json_result = _check_result(method_name, result)
  File "/home/helpflcorn/.local/lib/python3.14/site-packages/telebot/apihelper.py", line 197, in _check_result
    raise ApiTelegramException(method_name, result, result_json)
telebot.apihelper.ApiTelegramException: A request to the Telegram API was unsuccessful. Error code: 409. Description: Conflict: terminated by other getUpdates request; make sure that only one bot instance is running
"
2026-09-11 23:28:02,499 (__init__.py:1280 MainThread) ERROR - TeleBot: "Threaded polling exception: A request to the Telegram API was unsuccessful. Error code: 409. Description: Conflict: terminated by other getUpdates request; make sure that only one bot instance is running"
2026-09-11 23:28:02,502 (__init__.py:1282 MainThread) ERROR - TeleBot: "Exception traceback:
Traceback (most recent call last):
  File "/home/helpflcorn/.local/lib/python3.14/site-packages/telebot/__init__.py", line 1273, in __threaded_polling
    polling_thread.raise_exceptions()
    ~~~~~~~~~~~~~~~~~~~~~~~~~~~~~~~^^
  File "/home/helpflcorn/.local/lib/python3.14/site-packages/telebot/util.py", line 116, in raise_exceptions
    raise self.exception_info
  File "/home/helpflcorn/.local/lib/python3.14/site-packages/telebot/util.py", line 98, in run
    task(*args, **kwargs)
    ~~~~^^^^^^^^^^^^^^^^^
  File "/home/helpflcorn/.local/lib/python3.14/site-packages/telebot/__init__.py", line 691, in __retrieve_updates
    updates = self.get_updates(offset=(self.last_update_id + 1),
                               allowed_updates=allowed_updates,
                               timeout=timeout, long_polling_timeout=long_polling_timeout)
  File "/home/helpflcorn/.local/lib/python3.14/site-packages/telebot/__init__.py", line 663, in get_updates
    json_updates = apihelper.get_updates(
        self.token, offset=offset, limit=limit, timeout=timeout, allowed_updates=allowed_updates,
        long_polling_timeout=long_polling_timeout)
  File "/home/helpflcorn/.local/lib/python3.14/site-packages/telebot/apihelper.py", line 382, in get_updates
    return _make_request(token, method_url, params=payload)
  File "/home/helpflcorn/.local/lib/python3.14/site-packages/telebot/apihelper.py", line 168, in _make_request
    json_result = _check_result(method_name, result)
  File "/home/helpflcorn/.local/lib/python3.14/site-packages/telebot/apihelper.py", line 197, in _check_result
    raise ApiTelegramException(method_name, result, result_json)
telebot.apihelper.ApiTelegramException: A request to the Telegram API was unsuccessful. Error code: 409. Description: Conflict: terminated by other getUpdates request; make sure that only one bot instance is running
"
2026-09-11 23:28:06,048 (__init__.py:1280 MainThread) ERROR - TeleBot: "Threaded polling exception: A request to the Telegram API was unsuccessful. Error code: 409. Description: Conflict: terminated by other getUpdates request; make sure that only one bot instance is running"
2026-09-11 23:28:06,050 (__init__.py:1282 MainThread) ERROR - TeleBot: "Exception traceback:
Traceback (most recent call last):
  File "/home/helpflcorn/.local/lib/python3.14/site-packages/telebot/__init__.py", line 1273, in __threaded_polling
    polling_thread.raise_exceptions()
    ~~~~~~~~~~~~~~~~~~~~~~~~~~~~~~~^^
  File "/home/helpflcorn/.local/lib/python3.14/site-packages/telebot/util.py", line 116, in raise_exceptions
    raise self.exception_info
  File "/home/helpflcorn/.local/lib/python3.14/site-packages/telebot/util.py", line 98, in run
    task(*args, **kwargs)
    ~~~~^^^^^^^^^^^^^^^^^
  File "/home/helpflcorn/.local/lib/python3.14/site-packages/telebot/__init__.py", line 691, in __retrieve_updates
    updates = self.get_updates(offset=(self.last_update_id + 1),
                               allowed_updates=allowed_updates,
                               timeout=timeout, long_polling_timeout=long_polling_timeout)
  File "/home/helpflcorn/.local/lib/python3.14/site-packages/telebot/__init__.py", line 663, in get_updates
    json_updates = apihelper.get_updates(
        self.token, offset=offset, limit=limit, timeout=timeout, allowed_updates=allowed_updates,
        long_polling_timeout=long_polling_timeout)
  File "/home/helpflcorn/.local/lib/python3.14/site-packages/telebot/apihelper.py", line 382, in get_updates
    return _make_request(token, method_url, params=payload)
  File "/home/helpflcorn/.local/lib/python3.14/site-packages/telebot/apihelper.py", line 168, in _make_request
    json_result = _check_result(method_name, result)
  File "/home/helpflcorn/.local/lib/python3.14/site-packages/telebot/apihelper.py", line 197, in _check_result
    raise ApiTelegramException(method_name, result, result_json)
telebot.apihelper.ApiTelegramException: A request to the Telegram API was unsuccessful. Error code: 409. Description: Conflict: terminated by other getUpdates request; make sure that only one bot instance is running
"
2026-09-11 23:29:06,088 (__init__.py:1280 MainThread) ERROR - TeleBot: "Threaded polling exception: A request to the Telegram API was unsuccessful. Error code: 409. Description: Conflict: terminated by other getUpdates request; make sure that only one bot instance is running"
2026-09-11 23:29:06,090 (__init__.py:1282 MainThread) ERROR - TeleBot: "Exception traceback:
Traceback (most recent call last):
  File "/home/helpflcorn/.local/lib/python3.14/site-packages/telebot/__init__.py", line 1273, in __threaded_polling
    polling_thread.raise_exceptions()
    ~~~~~~~~~~~~~~~~~~~~~~~~~~~~~~~^^
  File "/home/helpflcorn/.local/lib/python3.14/site-packages/telebot/util.py", line 116, in raise_exceptions
    raise self.exception_info
  File "/home/helpflcorn/.local/lib/python3.14/site-packages/telebot/util.py", line 98, in run
    task(*args, **kwargs)
    ~~~~^^^^^^^^^^^^^^^^^
  File "/home/helpflcorn/.local/lib/python3.14/site-packages/telebot/__init__.py", line 691, in __retrieve_updates
    updates = self.get_updates(offset=(self.last_update_id + 1),
                               allowed_updates=allowed_updates,
                               timeout=timeout, long_polling_timeout=long_polling_timeout)
  File "/home/helpflcorn/.local/lib/python3.14/site-packages/telebot/__init__.py", line 663, in get_updates
    json_updates = apihelper.get_updates(
        self.token, offset=offset, limit=limit, timeout=timeout, allowed_updates=allowed_updates,
        long_polling_timeout=long_polling_timeout)
  File "/home/helpflcorn/.local/lib/python3.14/site-packages/telebot/apihelper.py", line 382, in get_updates
    return _make_request(token, method_url, params=payload)
  File "/home/helpflcorn/.local/lib/python3.14/site-packages/telebot/apihelper.py", line 168, in _make_request
    json_result = _check_result(method_name, result)
  File "/home/helpflcorn/.local/lib/python3.14/site-packages/telebot/apihelper.py", line 197, in _check_result
    raise ApiTelegramException(method_name, result, result_json)
telebot.apihelper.ApiTelegramException: A request to the Telegram API was unsuccessful. Error code: 409. Description: Conflict: terminated by other getUpdates request; make sure that only one bot instance is running
"
2026-09-11 23:29:09,433 (__init__.py:1280 MainThread) ERROR - TeleBot: "Threaded polling exception: A request to the Telegram API was unsuccessful. Error code: 409. Description: Conflict: terminated by other getUpdates request; make sure that only one bot instance is running"
2026-09-11 23:29:09,435 (__init__.py:1282 MainThread) ERROR - TeleBot: "Exception traceback:
Traceback (most recent call last):
  File "/home/helpflcorn/.local/lib/python3.14/site-packages/telebot/__init__.py", line 1273, in __threaded_polling
    polling_thread.raise_exceptions()
    ~~~~~~~~~~~~~~~~~~~~~~~~~~~~~~~^^
  File "/home/helpflcorn/.local/lib/python3.14/site-packages/telebot/util.py", line 116, in raise_exceptions
    raise self.exception_info
  File "/home/helpflcorn/.local/lib/python3.14/site-packages/telebot/util.py", line 98, in run
    task(*args, **kwargs)
    ~~~~^^^^^^^^^^^^^^^^^
  File "/home/helpflcorn/.local/lib/python3.14/site-packages/telebot/__init__.py", line 691, in __retrieve_updates
    updates = self.get_updates(offset=(self.last_update_id + 1),
                               allowed_updates=allowed_updates,
                               timeout=timeout, long_polling_timeout=long_polling_timeout)
  File "/home/helpflcorn/.local/lib/python3.14/site-packages/telebot/__init__.py", line 663, in get_updates
    json_updates = apihelper.get_updates(
        self.token, offset=offset, limit=limit, timeout=timeout, allowed_updates=allowed_updates,
        long_polling_timeout=long_polling_timeout)
  File "/home/helpflcorn/.local/lib/python3.14/site-packages/telebot/apihelper.py", line 382, in get_updates
    return _make_request(token, method_url, params=payload)
  File "/home/helpflcorn/.local/lib/python3.14/site-packages/telebot/apihelper.py", line 168, in _make_request
    json_result = _check_result(method_name, result)
  File "/home/helpflcorn/.local/lib/python3.14/site-packages/telebot/apihelper.py", line 197, in _check_result
    raise ApiTelegramException(method_name, result, result_json)
telebot.apihelper.ApiTelegramException: A request to the Telegram API was unsuccessful. Error code: 409. Description: Conflict: terminated by other getUpdates request; make sure that only one bot instance is running
"
2026-09-11 23:30:09,475 (__init__.py:1280 MainThread) ERROR - TeleBot: "Threaded polling exception: A request to the Telegram API was unsuccessful. Error code: 409. Description: Conflict: terminated by other getUpdates request; make sure that only one bot instance is running"
2026-09-11 23:30:09,477 (__init__.py:1282 MainThread) ERROR - TeleBot: "Exception traceback:
Traceback (most recent call last):
  File "/home/helpflcorn/.local/lib/python3.14/site-packages/telebot/__init__.py", line 1273, in __threaded_polling
    polling_thread.raise_exceptions()
    ~~~~~~~~~~~~~~~~~~~~~~~~~~~~~~~^^
  File "/home/helpflcorn/.local/lib/python3.14/site-packages/telebot/util.py", line 116, in raise_exceptions
    raise self.exception_info
  File "/home/helpflcorn/.local/lib/python3.14/site-packages/telebot/util.py", line 98, in run
    task(*args, **kwargs)
    ~~~~^^^^^^^^^^^^^^^^^
  File "/home/helpflcorn/.local/lib/python3.14/site-packages/telebot/__init__.py", line 691, in __retrieve_updates
    updates = self.get_updates(offset=(self.last_update_id + 1),
                               allowed_updates=allowed_updates,
                               timeout=timeout, long_polling_timeout=long_polling_timeout)
  File "/home/helpflcorn/.local/lib/python3.14/site-packages/telebot/__init__.py", line 663, in get_updates
    json_updates = apihelper.get_updates(
        self.token, offset=offset, limit=limit, timeout=timeout, allowed_updates=allowed_updates,
        long_polling_timeout=long_polling_timeout)
  File "/home/helpflcorn/.local/lib/python3.14/site-packages/telebot/apihelper.py", line 382, in get_updates
    return _make_request(token, method_url, params=payload)
  File "/home/helpflcorn/.local/lib/python3.14/site-packages/telebot/apihelper.py", line 168, in _make_request
    json_result = _check_result(method_name, result)
  File "/home/helpflcorn/.local/lib/python3.14/site-packages/telebot/apihelper.py", line 197, in _check_result
    raise ApiTelegramException(method_name, result, result_json)
telebot.apihelper.ApiTelegramException: A request to the Telegram API was unsuccessful. Error code: 409. Description: Conflict: terminated by other getUpdates request; make sure that only one bot instance is running
"
2026-09-11 23:30:12,924 (__init__.py:1280 MainThread) ERROR - TeleBot: "Threaded polling exception: A request to the Telegram API was unsuccessful. Error code: 409. Description: Conflict: terminated by other getUpdates request; make sure that only one bot instance is running"
2026-09-11 23:30:12,926 (__init__.py:1282 MainThread) ERROR - TeleBot: "Exception traceback:
Traceback (most recent call last):
  File "/home/helpflcorn/.local/lib/python3.14/site-packages/telebot/__init__.py", line 1273, in __threaded_polling
    polling_thread.raise_exceptions()
    ~~~~~~~~~~~~~~~~~~~~~~~~~~~~~~~^^
  File "/home/helpflcorn/.local/lib/python3.14/site-packages/telebot/util.py", line 116, in raise_exceptions
    raise self.exception_info
  File "/home/helpflcorn/.local/lib/python3.14/site-packages/telebot/util.py", line 98, in run
    task(*args, **kwargs)
    ~~~~^^^^^^^^^^^^^^^^^
  File "/home/helpflcorn/.local/lib/python3.14/site-packages/telebot/__init__.py", line 691, in __retrieve_updates
    updates = self.get_updates(offset=(self.last_update_id + 1),
                               allowed_updates=allowed_updates,
                               timeout=timeout, long_polling_timeout=long_polling_timeout)
  File "/home/helpflcorn/.local/lib/python3.14/site-packages/telebot/__init__.py", line 663, in get_updates
    json_updates = apihelper.get_updates(
        self.token, offset=offset, limit=limit, timeout=timeout, allowed_updates=allowed_updates,
        long_polling_timeout=long_polling_timeout)
  File "/home/helpflcorn/.local/lib/python3.14/site-packages/telebot/apihelper.py", line 382, in get_updates
    return _make_request(token, method_url, params=payload)
  File "/home/helpflcorn/.local/lib/python3.14/site-packages/telebot/apihelper.py", line 168, in _make_request
    json_result = _check_result(method_name, result)
  File "/home/helpflcorn/.local/lib/python3.14/site-packages/telebot/apihelper.py", line 197, in _check_result
    raise ApiTelegramException(method_name, result, result_json)
telebot.apihelper.ApiTelegramException: A request to the Telegram API was unsuccessful. Error code: 409. Description: Conflict: terminated by other getUpdates request; make sure that only one bot instance is running
"
2026-09-11 23:31:12,964 (__init__.py:1280 MainThread) ERROR - TeleBot: "Threaded polling exception: A request to the Telegram API was unsuccessful. Error code: 409. Description: Conflict: terminated by other getUpdates request; make sure that only one bot instance is running"
2026-09-11 23:31:12,966 (__init__.py:1282 MainThread) ERROR - TeleBot: "Exception traceback:
Traceback (most recent call last):
  File "/home/helpflcorn/.local/lib/python3.14/site-packages/telebot/__init__.py", line 1273, in __threaded_polling
    polling_thread.raise_exceptions()
    ~~~~~~~~~~~~~~~~~~~~~~~~~~~~~~~^^
  File "/home/helpflcorn/.local/lib/python3.14/site-packages/telebot/util.py", line 116, in raise_exceptions
    raise self.exception_info
  File "/home/helpflcorn/.local/lib/python3.14/site-packages/telebot/util.py", line 98, in run
    task(*args, **kwargs)
    ~~~~^^^^^^^^^^^^^^^^^
  File "/home/helpflcorn/.local/lib/python3.14/site-packages/telebot/__init__.py", line 691, in __retrieve_updates
    updates = self.get_updates(offset=(self.last_update_id + 1),
                               allowed_updates=allowed_updates,
                               timeout=timeout, long_polling_timeout=long_polling_timeout)
  File "/home/helpflcorn/.local/lib/python3.14/site-packages/telebot/__init__.py", line 663, in get_updates
    json_updates = apihelper.get_updates(
        self.token, offset=offset, limit=limit, timeout=timeout, allowed_updates=allowed_updates,
        long_polling_timeout=long_polling_timeout)
  File "/home/helpflcorn/.local/lib/python3.14/site-packages/telebot/apihelper.py", line 382, in get_updates
    return _make_request(token, method_url, params=payload)
  File "/home/helpflcorn/.local/lib/python3.14/site-packages/telebot/apihelper.py", line 168, in _make_request
    json_result = _check_result(method_name, result)
  File "/home/helpflcorn/.local/lib/python3.14/site-packages/telebot/apihelper.py", line 197, in _check_result
    raise ApiTelegramException(method_name, result, result_json)
telebot.apihelper.ApiTelegramException: A request to the Telegram API was unsuccessful. Error code: 409. Description: Conflict: terminated by other getUpdates request; make sure that only one bot instance is running
"
2026-09-11 23:31:16,307 (__init__.py:1280 MainThread) ERROR - TeleBot: "Threaded polling exception: A request to the Telegram API was unsuccessful. Error code: 409. Description: Conflict: terminated by other getUpdates request; make sure that only one bot instance is running"
2026-09-11 23:31:16,309 (__init__.py:1282 MainThread) ERROR - TeleBot: "Exception traceback:
Traceback (most recent call last):
  File "/home/helpflcorn/.local/lib/python3.14/site-packages/telebot/__init__.py", line 1273, in __threaded_polling
    polling_thread.raise_exceptions()
    ~~~~~~~~~~~~~~~~~~~~~~~~~~~~~~~^^
  File "/home/helpflcorn/.local/lib/python3.14/site-packages/telebot/util.py", line 116, in raise_exceptions
    raise self.exception_info
  File "/home/helpflcorn/.local/lib/python3.14/site-packages/telebot/util.py", line 98, in run
    task(*args, **kwargs)
    ~~~~^^^^^^^^^^^^^^^^^
  File "/home/helpflcorn/.local/lib/python3.14/site-packages/telebot/__init__.py", line 691, in __retrieve_updates
    updates = self.get_updates(offset=(self.last_update_id + 1),
                               allowed_updates=allowed_updates,
                               timeout=timeout, long_polling_timeout=long_polling_timeout)
  File "/home/helpflcorn/.local/lib/python3.14/site-packages/telebot/__init__.py", line 663, in get_updates
    json_updates = apihelper.get_updates(
        self.token, offset=offset, limit=limit, timeout=timeout, allowed_updates=allowed_updates,
        long_polling_timeout=long_polling_timeout)
  File "/home/helpflcorn/.local/lib/python3.14/site-packages/telebot/apihelper.py", line 382, in get_updates
    return _make_request(token, method_url, params=payload)
  File "/home/helpflcorn/.local/lib/python3.14/site-packages/telebot/apihelper.py", line 168, in _make_request
    json_result = _check_result(method_name, result)
  File "/home/helpflcorn/.local/lib/python3.14/site-packages/telebot/apihelper.py", line 197, in _check_result
    raise ApiTelegramException(method_name, result, result_json)
telebot.apihelper.ApiTelegramException: A request to the Telegram API was unsuccessful. Error code: 409. Description: Conflict: terminated by other getUpdates request; make sure that only one bot instance is running
"
2026-09-11 23:32:16,434 (__init__.py:1280 MainThread) ERROR - TeleBot: "Threaded polling exception: A request to the Telegram API was unsuccessful. Error code: 409. Description: Conflict: terminated by other getUpdates request; make sure that only one bot instance is running"
2026-09-11 23:32:16,437 (__init__.py:1282 MainThread) ERROR - TeleBot: "Exception traceback:
Traceback (most recent call last):
  File "/home/helpflcorn/.local/lib/python3.14/site-packages/telebot/__init__.py", line 1273, in __threaded_polling
    polling_thread.raise_exceptions()
    ~~~~~~~~~~~~~~~~~~~~~~~~~~~~~~~^^
  File "/home/helpflcorn/.local/lib/python3.14/site-packages/telebot/util.py", line 116, in raise_exceptions
    raise self.exception_info
  File "/home/helpflcorn/.local/lib/python3.14/site-packages/telebot/util.py", line 98, in run
    task(*args, **kwargs)
    ~~~~^^^^^^^^^^^^^^^^^
  File "/home/helpflcorn/.local/lib/python3.14/site-packages/telebot/__init__.py", line 691, in __retrieve_updates
    updates = self.get_updates(offset=(self.last_update_id + 1),
                               allowed_updates=allowed_updates,
                               timeout=timeout, long_polling_timeout=long_polling_timeout)
  File "/home/helpflcorn/.local/lib/python3.14/site-packages/telebot/__init__.py", line 663, in get_updates
    json_updates = apihelper.get_updates(
        self.token, offset=offset, limit=limit, timeout=timeout, allowed_updates=allowed_updates,
        long_polling_timeout=long_polling_timeout)
  File "/home/helpflcorn/.local/lib/python3.14/site-packages/telebot/apihelper.py", line 382, in get_updates
    return _make_request(token, method_url, params=payload)
  File "/home/helpflcorn/.local/lib/python3.14/site-packages/telebot/apihelper.py", line 168, in _make_request
    json_result = _check_result(method_name, result)
  File "/home/helpflcorn/.local/lib/python3.14/site-packages/telebot/apihelper.py", line 197, in _check_result
    raise ApiTelegramException(method_name, result, result_json)
telebot.apihelper.ApiTelegramException: A request to the Telegram API was unsuccessful. Error code: 409. Description: Conflict: terminated by other getUpdates request; make sure that only one bot instance is running
"
2026-09-11 23:32:19,796 (__init__.py:1280 MainThread) ERROR - TeleBot: "Threaded polling exception: A request to the Telegram API was unsuccessful. Error code: 409. Description: Conflict: terminated by other getUpdates request; make sure that only one bot instance is running"
2026-09-11 23:32:19,798 (__init__.py:1282 MainThread) ERROR - TeleBot: "Exception traceback:
Traceback (most recent call last):
  File "/home/helpflcorn/.local/lib/python3.14/site-packages/telebot/__init__.py", line 1273, in __threaded_polling
    polling_thread.raise_exceptions()
    ~~~~~~~~~~~~~~~~~~~~~~~~~~~~~~~^^
  File "/home/helpflcorn/.local/lib/python3.14/site-packages/telebot/util.py", line 116, in raise_exceptions
    raise self.exception_info
  File "/home/helpflcorn/.local/lib/python3.14/site-packages/telebot/util.py", line 98, in run
    task(*args, **kwargs)
    ~~~~^^^^^^^^^^^^^^^^^
  File "/home/helpflcorn/.local/lib/python3.14/site-packages/telebot/__init__.py", line 691, in __retrieve_updates
    updates = self.get_updates(offset=(self.last_update_id + 1),
                               allowed_updates=allowed_updates,
                               timeout=timeout, long_polling_timeout=long_polling_timeout)
  File "/home/helpflcorn/.local/lib/python3.14/site-packages/telebot/__init__.py", line 663, in get_updates
    json_updates = apihelper.get_updates(
        self.token, offset=offset, limit=limit, timeout=timeout, allowed_updates=allowed_updates,
        long_polling_timeout=long_polling_timeout)
  File "/home/helpflcorn/.local/lib/python3.14/site-packages/telebot/apihelper.py", line 382, in get_updates
    return _make_request(token, method_url, params=payload)
  File "/home/helpflcorn/.local/lib/python3.14/site-packages/telebot/apihelper.py", line 168, in _make_request
    json_result = _check_result(method_name, result)
  File "/home/helpflcorn/.local/lib/python3.14/site-packages/telebot/apihelper.py", line 197, in _check_result
    raise ApiTelegramException(method_name, result, result_json)
telebot.apihelper.ApiTelegramException: A request to the Telegram API was unsuccessful. Error code: 409. Description: Conflict: terminated by other getUpdates request; make sure that only one bot instance is running
"
2026-09-11 23:33:19,844 (__init__.py:1280 MainThread) ERROR - TeleBot: "Threaded polling exception: A request to the Telegram API was unsuccessful. Error code: 409. Description: Conflict: terminated by other getUpdates request; make sure that only one bot instance is running"
2026-09-11 23:33:19,848 (__init__.py:1282 MainThread) ERROR - TeleBot: "Exception traceback:
Traceback (most recent call last):
  File "/home/helpflcorn/.local/lib/python3.14/site-packages/telebot/__init__.py", line 1273, in __threaded_polling
    polling_thread.raise_exceptions()
    ~~~~~~~~~~~~~~~~~~~~~~~~~~~~~~~^^
  File "/home/helpflcorn/.local/lib/python3.14/site-packages/telebot/util.py", line 116, in raise_exceptions
    raise self.exception_info
  File "/home/helpflcorn/.local/lib/python3.14/site-packages/telebot/util.py", line 98, in run
    task(*args, **kwargs)
    ~~~~^^^^^^^^^^^^^^^^^
  File "/home/helpflcorn/.local/lib/python3.14/site-packages/telebot/__init__.py", line 691, in __retrieve_updates
    updates = self.get_updates(offset=(self.last_update_id + 1),
                               allowed_updates=allowed_updates,
                               timeout=timeout, long_polling_timeout=long_polling_timeout)
  File "/home/helpflcorn/.local/lib/python3.14/site-packages/telebot/__init__.py", line 663, in get_updates
    json_updates = apihelper.get_updates(
        self.token, offset=offset, limit=limit, timeout=timeout, allowed_updates=allowed_updates,
        long_polling_timeout=long_polling_timeout)
  File "/home/helpflcorn/.local/lib/python3.14/site-packages/telebot/apihelper.py", line 382, in get_updates
    return _make_request(token, method_url, params=payload)
  File "/home/helpflcorn/.local/lib/python3.14/site-packages/telebot/apihelper.py", line 168, in _make_request
    json_result = _check_result(method_name, result)
  File "/home/helpflcorn/.local/lib/python3.14/site-packages/telebot/apihelper.py", line 197, in _check_result
    raise ApiTelegramException(method_name, result, result_json)
telebot.apihelper.ApiTelegramException: A request to the Telegram API was unsuccessful. Error code: 409. Description: Conflict: terminated by other getUpdates request; make sure that only one bot instance is running
"
2026-09-11 23:33:23,184 (__init__.py:1280 MainThread) ERROR - TeleBot: "Threaded polling exception: A request to the Telegram API was unsuccessful. Error code: 409. Description: Conflict: terminated by other getUpdates request; make sure that only one bot instance is running"
2026-09-11 23:33:23,187 (__init__.py:1282 MainThread) ERROR - TeleBot: "Exception traceback:
Traceback (most recent call last):
  File "/home/helpflcorn/.local/lib/python3.14/site-packages/telebot/__init__.py", line 1273, in __threaded_polling
    polling_thread.raise_exceptions()
    ~~~~~~~~~~~~~~~~~~~~~~~~~~~~~~~^^
  File "/home/helpflcorn/.local/lib/python3.14/site-packages/telebot/util.py", line 116, in raise_exceptions
    raise self.exception_info
  File "/home/helpflcorn/.local/lib/python3.14/site-packages/telebot/util.py", line 98, in run
    task(*args, **kwargs)
    ~~~~^^^^^^^^^^^^^^^^^
  File "/home/helpflcorn/.local/lib/python3.14/site-packages/telebot/__init__.py", line 691, in __retrieve_updates
    updates = self.get_updates(offset=(self.last_update_id + 1),
                               allowed_updates=allowed_updates,
                               timeout=timeout, long_polling_timeout=long_polling_timeout)
  File "/home/helpflcorn/.local/lib/python3.14/site-packages/telebot/__init__.py", line 663, in get_updates
    json_updates = apihelper.get_updates(
        self.token, offset=offset, limit=limit, timeout=timeout, allowed_updates=allowed_updates,
        long_polling_timeout=long_polling_timeout)
  File "/home/helpflcorn/.local/lib/python3.14/site-packages/telebot/apihelper.py", line 382, in get_updates
    return _make_request(token, method_url, params=payload)
  File "/home/helpflcorn/.local/lib/python3.14/site-packages/telebot/apihelper.py", line 168, in _make_request
    json_result = _check_result(method_name, result)
  File "/home/helpflcorn/.local/lib/python3.14/site-packages/telebot/apihelper.py", line 197, in _check_result
    raise ApiTelegramException(method_name, result, result_json)
telebot.apihelper.ApiTelegramException: A request to the Telegram API was unsuccessful. Error code: 409. Description: Conflict: terminated by other getUpdates request; make sure that only one bot instance is running
"
2026-09-11 23:33:34,309 (__init__.py:1280 MainThread) ERROR - TeleBot: "Threaded polling exception: A request to the Telegram API was unsuccessful. Error code: 409. Description: Conflict: terminated by other getUpdates request; make sure that only one bot instance is running"
2026-09-11 23:33:34,312 (__init__.py:1282 MainThread) ERROR - TeleBot: "Exception traceback:
Traceback (most recent call last):
  File "/home/helpflcorn/.local/lib/python3.14/site-packages/telebot/__init__.py", line 1273, in __threaded_polling
    polling_thread.raise_exceptions()
    ~~~~~~~~~~~~~~~~~~~~~~~~~~~~~~~^^
  File "/home/helpflcorn/.local/lib/python3.14/site-packages/telebot/util.py", line 116, in raise_exceptions
    raise self.exception_info
  File "/home/helpflcorn/.local/lib/python3.14/site-packages/telebot/util.py", line 98, in run
    task(*args, **kwargs)
    ~~~~^^^^^^^^^^^^^^^^^
  File "/home/helpflcorn/.local/lib/python3.14/site-packages/telebot/__init__.py", line 691, in __retrieve_updates
    updates = self.get_updates(offset=(self.last_update_id + 1),
                               allowed_updates=allowed_updates,
                               timeout=timeout, long_polling_timeout=long_polling_timeout)
  File "/home/helpflcorn/.local/lib/python3.14/site-packages/telebot/__init__.py", line 663, in get_updates
    json_updates = apihelper.get_updates(
        self.token, offset=offset, limit=limit, timeout=timeout, allowed_updates=allowed_updates,
        long_polling_timeout=long_polling_timeout)
  File "/home/helpflcorn/.local/lib/python3.14/site-packages/telebot/apihelper.py", line 382, in get_updates
    return _make_request(token, method_url, params=payload)
  File "/home/helpflcorn/.local/lib/python3.14/site-packages/telebot/apihelper.py", line 168, in _make_request
    json_result = _check_result(method_name, result)
  File "/home/helpflcorn/.local/lib/python3.14/site-packages/telebot/apihelper.py", line 197, in _check_result
    raise ApiTelegramException(method_name, result, result_json)
telebot.apihelper.ApiTelegramException: A request to the Telegram API was unsuccessful. Error code: 409. Description: Conflict: terminated by other getUpdates request; make sure that only one bot instance is running
"
2026-09-11 23:33:37,932 (__init__.py:1280 MainThread) ERROR - TeleBot: "Threaded polling exception: A request to the Telegram API was unsuccessful. Error code: 409. Description: Conflict: terminated by other getUpdates request; make sure that only one bot instance is running"
2026-09-11 23:33:37,934 (__init__.py:1282 MainThread) ERROR - TeleBot: "Exception traceback:
Traceback (most recent call last):
  File "/home/helpflcorn/.local/lib/python3.14/site-packages/telebot/__init__.py", line 1273, in __threaded_polling
    polling_thread.raise_exceptions()
    ~~~~~~~~~~~~~~~~~~~~~~~~~~~~~~~^^
  File "/home/helpflcorn/.local/lib/python3.14/site-packages/telebot/util.py", line 116, in raise_exceptions
    raise self.exception_info
  File "/home/helpflcorn/.local/lib/python3.14/site-packages/telebot/util.py", line 98, in run
    task(*args, **kwargs)
    ~~~~^^^^^^^^^^^^^^^^^
  File "/home/helpflcorn/.local/lib/python3.14/site-packages/telebot/__init__.py", line 691, in __retrieve_updates
    updates = self.get_updates(offset=(self.last_update_id + 1),
                               allowed_updates=allowed_updates,
                               timeout=timeout, long_polling_timeout=long_polling_timeout)
  File "/home/helpflcorn/.local/lib/python3.14/site-packages/telebot/__init__.py", line 663, in get_updates
    json_updates = apihelper.get_updates(
        self.token, offset=offset, limit=limit, timeout=timeout, allowed_updates=allowed_updates,
        long_polling_timeout=long_polling_timeout)
  File "/home/helpflcorn/.local/lib/python3.14/site-packages/telebot/apihelper.py", line 382, in get_updates
    return _make_request(token, method_url, params=payload)
  File "/home/helpflcorn/.local/lib/python3.14/site-packages/telebot/apihelper.py", line 168, in _make_request
    json_result = _check_result(method_name, result)
  File "/home/helpflcorn/.local/lib/python3.14/site-packages/telebot/apihelper.py", line 197, in _check_result
    raise ApiTelegramException(method_name, result, result_json)
telebot.apihelper.ApiTelegramException: A request to the Telegram API was unsuccessful. Error code: 409. Description: Conflict: terminated by other getUpdates request; make sure that only one bot instance is running
"
2026-09-11 23:33:38,232 (__init__.py:1280 MainThread) ERROR - TeleBot: "Threaded polling exception: A request to the Telegram API was unsuccessful. Error code: 409. Description: Conflict: terminated by other getUpdates request; make sure that only one bot instance is running"
2026-09-11 23:33:38,235 (__init__.py:1282 MainThread) ERROR - TeleBot: "Exception traceback:
Traceback (most recent call last):
  File "/home/helpflcorn/.local/lib/python3.14/site-packages/telebot/__init__.py", line 1273, in __threaded_polling
    polling_thread.raise_exceptions()
    ~~~~~~~~~~~~~~~~~~~~~~~~~~~~~~~^^
  File "/home/helpflcorn/.local/lib/python3.14/site-packages/telebot/util.py", line 116, in raise_exceptions
    raise self.exception_info
  File "/home/helpflcorn/.local/lib/python3.14/site-packages/telebot/util.py", line 98, in run
    task(*args, **kwargs)
    ~~~~^^^^^^^^^^^^^^^^^
  File "/home/helpflcorn/.local/lib/python3.14/site-packages/telebot/__init__.py", line 691, in __retrieve_updates
    updates = self.get_updates(offset=(self.last_update_id + 1),
                               allowed_updates=allowed_updates,
                               timeout=timeout, long_polling_timeout=long_polling_timeout)
  File "/home/helpflcorn/.local/lib/python3.14/site-packages/telebot/__init__.py", line 663, in get_updates
    json_updates = apihelper.get_updates(
        self.token, offset=offset, limit=limit, timeout=timeout, allowed_updates=allowed_updates,
        long_polling_timeout=long_polling_timeout)
  File "/home/helpflcorn/.local/lib/python3.14/site-packages/telebot/apihelper.py", line 382, in get_updates
    return _make_request(token, method_url, params=payload)
  File "/home/helpflcorn/.local/lib/python3.14/site-packages/telebot/apihelper.py", line 168, in _make_request
    json_result = _check_result(method_name, result)
  File "/home/helpflcorn/.local/lib/python3.14/site-packages/telebot/apihelper.py", line 197, in _check_result
    raise ApiTelegramException(method_name, result, result_json)
telebot.apihelper.ApiTelegramException: A request to the Telegram API was unsuccessful. Error code: 409. Description: Conflict: terminated by other getUpdates request; make sure that only one bot instance is running
"
2026-09-11 23:33:42,435 (__init__.py:1280 MainThread) ERROR - TeleBot: "Threaded polling exception: A request to the Telegram API was unsuccessful. Error code: 409. Description: Conflict: terminated by other getUpdates request; make sure that only one bot instance is running"
2026-09-11 23:33:42,437 (__init__.py:1282 MainThread) ERROR - TeleBot: "Exception traceback:
Traceback (most recent call last):
  File "/home/helpflcorn/.local/lib/python3.14/site-packages/telebot/__init__.py", line 1273, in __threaded_polling
    polling_thread.raise_exceptions()
    ~~~~~~~~~~~~~~~~~~~~~~~~~~~~~~~^^
  File "/home/helpflcorn/.local/lib/python3.14/site-packages/telebot/util.py", line 116, in raise_exceptions
    raise self.exception_info
  File "/home/helpflcorn/.local/lib/python3.14/site-packages/telebot/util.py", line 98, in run
    task(*args, **kwargs)
    ~~~~^^^^^^^^^^^^^^^^^
  File "/home/helpflcorn/.local/lib/python3.14/site-packages/telebot/__init__.py", line 691, in __retrieve_updates
    updates = self.get_updates(offset=(self.last_update_id + 1),
                               allowed_updates=allowed_updates,
                               timeout=timeout, long_polling_timeout=long_polling_timeout)
  File "/home/helpflcorn/.local/lib/python3.14/site-packages/telebot/__init__.py", line 663, in get_updates
    json_updates = apihelper.get_updates(
        self.token, offset=offset, limit=limit, timeout=timeout, allowed_updates=allowed_updates,
        long_polling_timeout=long_polling_timeout)
  File "/home/helpflcorn/.local/lib/python3.14/site-packages/telebot/apihelper.py", line 382, in get_updates
    return _make_request(token, method_url, params=payload)
  File "/home/helpflcorn/.local/lib/python3.14/site-packages/telebot/apihelper.py", line 168, in _make_request
    json_result = _check_result(method_name, result)
  File "/home/helpflcorn/.local/lib/python3.14/site-packages/telebot/apihelper.py", line 197, in _check_result
    raise ApiTelegramException(method_name, result, result_json)
telebot.apihelper.ApiTelegramException: A request to the Telegram API was unsuccessful. Error code: 409. Description: Conflict: terminated by other getUpdates request; make sure that only one bot instance is running
"
2026-09-11 23:33:42,977 (__init__.py:1280 MainThread) ERROR - TeleBot: "Threaded polling exception: A request to the Telegram API was unsuccessful. Error code: 409. Description: Conflict: terminated by other getUpdates request; make sure that only one bot instance is running"
2026-09-11 23:33:42,979 (__init__.py:1282 MainThread) ERROR - TeleBot: "Exception traceback:
Traceback (most recent call last):
  File "/home/helpflcorn/.local/lib/python3.14/site-packages/telebot/__init__.py", line 1273, in __threaded_polling
    polling_thread.raise_exceptions()
    ~~~~~~~~~~~~~~~~~~~~~~~~~~~~~~~^^
  File "/home/helpflcorn/.local/lib/python3.14/site-packages/telebot/util.py", line 116, in raise_exceptions
    raise self.exception_info
  File "/home/helpflcorn/.local/lib/python3.14/site-packages/telebot/util.py", line 98, in run
    task(*args, **kwargs)
    ~~~~^^^^^^^^^^^^^^^^^
  File "/home/helpflcorn/.local/lib/python3.14/site-packages/telebot/__init__.py", line 691, in __retrieve_updates
    updates = self.get_updates(offset=(self.last_update_id + 1),
                               allowed_updates=allowed_updates,
                               timeout=timeout, long_polling_timeout=long_polling_timeout)
  File "/home/helpflcorn/.local/lib/python3.14/site-packages/telebot/__init__.py", line 663, in get_updates
    json_updates = apihelper.get_updates(
        self.token, offset=offset, limit=limit, timeout=timeout, allowed_updates=allowed_updates,
        long_polling_timeout=long_polling_timeout)
  File "/home/helpflcorn/.local/lib/python3.14/site-packages/telebot/apihelper.py", line 382, in get_updates
    return _make_request(token, method_url, params=payload)
  File "/home/helpflcorn/.local/lib/python3.14/site-packages/telebot/apihelper.py", line 168, in _make_request
    json_result = _check_result(method_name, result)
  File "/home/helpflcorn/.local/lib/python3.14/site-packages/telebot/apihelper.py", line 197, in _check_result
    raise ApiTelegramException(method_name, result, result_json)
telebot.apihelper.ApiTelegramException: A request to the Telegram API was unsuccessful. Error code: 409. Description: Conflict: terminated by other getUpdates request; make sure that only one bot instance is running
"
2026-09-11 23:33:48,269 (__init__.py:1280 MainThread) ERROR - TeleBot: "Threaded polling exception: A request to the Telegram API was unsuccessful. Error code: 409. Description: Conflict: terminated by other getUpdates request; make sure that only one bot instance is running"
2026-09-11 23:33:48,271 (__init__.py:1282 MainThread) ERROR - TeleBot: "Exception traceback:
Traceback (most recent call last):
  File "/home/helpflcorn/.local/lib/python3.14/site-packages/telebot/__init__.py", line 1273, in __threaded_polling
    polling_thread.raise_exceptions()
    ~~~~~~~~~~~~~~~~~~~~~~~~~~~~~~~^^
  File "/home/helpflcorn/.local/lib/python3.14/site-packages/telebot/util.py", line 116, in raise_exceptions
    raise self.exception_info
  File "/home/helpflcorn/.local/lib/python3.14/site-packages/telebot/util.py", line 98, in run
    task(*args, **kwargs)
    ~~~~^^^^^^^^^^^^^^^^^
  File "/home/helpflcorn/.local/lib/python3.14/site-packages/telebot/__init__.py", line 691, in __retrieve_updates
    updates = self.get_updates(offset=(self.last_update_id + 1),
                               allowed_updates=allowed_updates,
                               timeout=timeout, long_polling_timeout=long_polling_timeout)
  File "/home/helpflcorn/.local/lib/python3.14/site-packages/telebot/__init__.py", line 663, in get_updates
    json_updates = apihelper.get_updates(
        self.token, offset=offset, limit=limit, timeout=timeout, allowed_updates=allowed_updates,
        long_polling_timeout=long_polling_timeout)
  File "/home/helpflcorn/.local/lib/python3.14/site-packages/telebot/apihelper.py", line 382, in get_updates
    return _make_request(token, method_url, params=payload)
  File "/home/helpflcorn/.local/lib/python3.14/site-packages/telebot/apihelper.py", line 168, in _make_request
    json_result = _check_result(method_name, result)
  File "/home/helpflcorn/.local/lib/python3.14/site-packages/telebot/apihelper.py", line 197, in _check_result
    raise ApiTelegramException(method_name, result, result_json)
telebot.apihelper.ApiTelegramException: A request to the Telegram API was unsuccessful. Error code: 409. Description: Conflict: terminated by other getUpdates request; make sure that only one bot instance is running
"
2026-09-11 23:33:49,316 (__init__.py:1280 MainThread) ERROR - TeleBot: "Threaded polling exception: A request to the Telegram API was unsuccessful. Error code: 409. Description: Conflict: terminated by other getUpdates request; make sure that only one bot instance is running"
2026-09-11 23:33:49,318 (__init__.py:1282 MainThread) ERROR - TeleBot: "Exception traceback:
Traceback (most recent call last):
  File "/home/helpflcorn/.local/lib/python3.14/site-packages/telebot/__init__.py", line 1273, in __threaded_polling
    polling_thread.raise_exceptions()
    ~~~~~~~~~~~~~~~~~~~~~~~~~~~~~~~^^
  File "/home/helpflcorn/.local/lib/python3.14/site-packages/telebot/util.py", line 116, in raise_exceptions
    raise self.exception_info
  File "/home/helpflcorn/.local/lib/python3.14/site-packages/telebot/util.py", line 98, in run
    task(*args, **kwargs)
    ~~~~^^^^^^^^^^^^^^^^^
  File "/home/helpflcorn/.local/lib/python3.14/site-packages/telebot/__init__.py", line 691, in __retrieve_updates
    updates = self.get_updates(offset=(self.last_update_id + 1),
                               allowed_updates=allowed_updates,
                               timeout=timeout, long_polling_timeout=long_polling_timeout)
  File "/home/helpflcorn/.local/lib/python3.14/site-packages/telebot/__init__.py", line 663, in get_updates
    json_updates = apihelper.get_updates(
        self.token, offset=offset, limit=limit, timeout=timeout, allowed_updates=allowed_updates,
        long_polling_timeout=long_polling_timeout)
  File "/home/helpflcorn/.local/lib/python3.14/site-packages/telebot/apihelper.py", line 382, in get_updates
    return _make_request(token, method_url, params=payload)
  File "/home/helpflcorn/.local/lib/python3.14/site-packages/telebot/apihelper.py", line 168, in _make_request
    json_result = _check_result(method_name, result)
  File "/home/helpflcorn/.local/lib/python3.14/site-packages/telebot/apihelper.py", line 197, in _check_result
    raise ApiTelegramException(method_name, result, result_json)
telebot.apihelper.ApiTelegramException: A request to the Telegram API was unsuccessful. Error code: 409. Description: Conflict: terminated by other getUpdates request; make sure that only one bot instance is running
"
2026-09-11 23:33:53,360 (__init__.py:1280 MainThread) ERROR - TeleBot: "Threaded polling exception: A request to the Telegram API was unsuccessful. Error code: 409. Description: Conflict: terminated by other getUpdates request; make sure that only one bot instance is running"
2026-09-11 23:33:53,363 (__init__.py:1282 MainThread) ERROR - TeleBot: "Exception traceback:
Traceback (most recent call last):
  File "/home/helpflcorn/.local/lib/python3.14/site-packages/telebot/__init__.py", line 1273, in __threaded_polling
    polling_thread.raise_exceptions()
    ~~~~~~~~~~~~~~~~~~~~~~~~~~~~~~~^^
  File "/home/helpflcorn/.local/lib/python3.14/site-packages/telebot/util.py", line 116, in raise_exceptions
    raise self.exception_info
  File "/home/helpflcorn/.local/lib/python3.14/site-packages/telebot/util.py", line 98, in run
    task(*args, **kwargs)
    ~~~~^^^^^^^^^^^^^^^^^
  File "/home/helpflcorn/.local/lib/python3.14/site-packages/telebot/__init__.py", line 691, in __retrieve_updates
    updates = self.get_updates(offset=(self.last_update_id + 1),
                               allowed_updates=allowed_updates,
                               timeout=timeout, long_polling_timeout=long_polling_timeout)
  File "/home/helpflcorn/.local/lib/python3.14/site-packages/telebot/__init__.py", line 663, in get_updates
    json_updates = apihelper.get_updates(
        self.token, offset=offset, limit=limit, timeout=timeout, allowed_updates=allowed_updates,
        long_polling_timeout=long_polling_timeout)
  File "/home/helpflcorn/.local/lib/python3.14/site-packages/telebot/apihelper.py", line 382, in get_updates
    return _make_request(token, method_url, params=payload)
  File "/home/helpflcorn/.local/lib/python3.14/site-packages/telebot/apihelper.py", line 168, in _make_request
    json_result = _check_result(method_name, result)
  File "/home/helpflcorn/.local/lib/python3.14/site-packages/telebot/apihelper.py", line 197, in _check_result
    raise ApiTelegramException(method_name, result, result_json)
telebot.apihelper.ApiTelegramException: A request to the Telegram API was unsuccessful. Error code: 409. Description: Conflict: terminated by other getUpdates request; make sure that only one bot instance is running
"
2026-09-11 23:33:58,714 (__init__.py:1280 MainThread) ERROR - TeleBot: "Threaded polling exception: A request to the Telegram API was unsuccessful. Error code: 409. Description: Conflict: terminated by other getUpdates request; make sure that only one bot instance is running"
2026-09-11 23:33:58,717 (__init__.py:1282 MainThread) ERROR - TeleBot: "Exception traceback:
Traceback (most recent call last):
  File "/home/helpflcorn/.local/lib/python3.14/site-packages/telebot/__init__.py", line 1273, in __threaded_polling
    polling_thread.raise_exceptions()
    ~~~~~~~~~~~~~~~~~~~~~~~~~~~~~~~^^
  File "/home/helpflcorn/.local/lib/python3.14/site-packages/telebot/util.py", line 116, in raise_exceptions
    raise self.exception_info
  File "/home/helpflcorn/.local/lib/python3.14/site-packages/telebot/util.py", line 98, in run
    task(*args, **kwargs)
    ~~~~^^^^^^^^^^^^^^^^^
  File "/home/helpflcorn/.local/lib/python3.14/site-packages/telebot/__init__.py", line 691, in __retrieve_updates
    updates = self.get_updates(offset=(self.last_update_id + 1),
                               allowed_updates=allowed_updates,
                               timeout=timeout, long_polling_timeout=long_polling_timeout)
  File "/home/helpflcorn/.local/lib/python3.14/site-packages/telebot/__init__.py", line 663, in get_updates
    json_updates = apihelper.get_updates(
        self.token, offset=offset, limit=limit, timeout=timeout, allowed_updates=allowed_updates,
        long_polling_timeout=long_polling_timeout)
  File "/home/helpflcorn/.local/lib/python3.14/site-packages/telebot/apihelper.py", line 382, in get_updates
    return _make_request(token, method_url, params=payload)
  File "/home/helpflcorn/.local/lib/python3.14/site-packages/telebot/apihelper.py", line 168, in _make_request
    json_result = _check_result(method_name, result)
  File "/home/helpflcorn/.local/lib/python3.14/site-packages/telebot/apihelper.py", line 197, in _check_result
    raise ApiTelegramException(method_name, result, result_json)
telebot.apihelper.ApiTelegramException: A request to the Telegram API was unsuccessful. Error code: 409. Description: Conflict: terminated by other getUpdates request; make sure that only one bot instance is running
"
2026-09-11 23:34:06,771 (__init__.py:1280 MainThread) ERROR - TeleBot: "Threaded polling exception: A request to the Telegram API was unsuccessful. Error code: 409. Description: Conflict: terminated by other getUpdates request; make sure that only one bot instance is running"
2026-09-11 23:34:06,772 (__init__.py:1282 MainThread) ERROR - TeleBot: "Exception traceback:
Traceback (most recent call last):
  File "/home/helpflcorn/.local/lib/python3.14/site-packages/telebot/__init__.py", line 1273, in __threaded_polling
    polling_thread.raise_exceptions()
    ~~~~~~~~~~~~~~~~~~~~~~~~~~~~~~~^^
  File "/home/helpflcorn/.local/lib/python3.14/site-packages/telebot/util.py", line 116, in raise_exceptions
    raise self.exception_info
  File "/home/helpflcorn/.local/lib/python3.14/site-packages/telebot/util.py", line 98, in run
    task(*args, **kwargs)
    ~~~~^^^^^^^^^^^^^^^^^
  File "/home/helpflcorn/.local/lib/python3.14/site-packages/telebot/__init__.py", line 691, in __retrieve_updates
    updates = self.get_updates(offset=(self.last_update_id + 1),
                               allowed_updates=allowed_updates,
                               timeout=timeout, long_polling_timeout=long_polling_timeout)
  File "/home/helpflcorn/.local/lib/python3.14/site-packages/telebot/__init__.py", line 663, in get_updates
    json_updates = apihelper.get_updates(
        self.token, offset=offset, limit=limit, timeout=timeout, allowed_updates=allowed_updates,
        long_polling_timeout=long_polling_timeout)
  File "/home/helpflcorn/.local/lib/python3.14/site-packages/telebot/apihelper.py", line 382, in get_updates
    return _make_request(token, method_url, params=payload)
  File "/home/helpflcorn/.local/lib/python3.14/site-packages/telebot/apihelper.py", line 168, in _make_request
    json_result = _check_result(method_name, result)
  File "/home/helpflcorn/.local/lib/python3.14/site-packages/telebot/apihelper.py", line 197, in _check_result
    raise ApiTelegramException(method_name, result, result_json)
telebot.apihelper.ApiTelegramException: A request to the Telegram API was unsuccessful. Error code: 409. Description: Conflict: terminated by other getUpdates request; make sure that only one bot instance is running
"
2026-09-11 23:34:10,822 (__init__.py:1280 MainThread) ERROR - TeleBot: "Threaded polling exception: A request to the Telegram API was unsuccessful. Error code: 409. Description: Conflict: terminated by other getUpdates request; make sure that only one bot instance is running"
2026-09-11 23:34:10,825 (__init__.py:1282 MainThread) ERROR - TeleBot: "Exception traceback:
Traceback (most recent call last):
  File "/home/helpflcorn/.local/lib/python3.14/site-packages/telebot/__init__.py", line 1273, in __threaded_polling
    polling_thread.raise_exceptions()
    ~~~~~~~~~~~~~~~~~~~~~~~~~~~~~~~^^
  File "/home/helpflcorn/.local/lib/python3.14/site-packages/telebot/util.py", line 116, in raise_exceptions
    raise self.exception_info
  File "/home/helpflcorn/.local/lib/python3.14/site-packages/telebot/util.py", line 98, in run
    task(*args, **kwargs)
    ~~~~^^^^^^^^^^^^^^^^^
  File "/home/helpflcorn/.local/lib/python3.14/site-packages/telebot/__init__.py", line 691, in __retrieve_updates
    updates = self.get_updates(offset=(self.last_update_id + 1),
                               allowed_updates=allowed_updates,
                               timeout=timeout, long_polling_timeout=long_polling_timeout)
  File "/home/helpflcorn/.local/lib/python3.14/site-packages/telebot/__init__.py", line 663, in get_updates
    json_updates = apihelper.get_updates(
        self.token, offset=offset, limit=limit, timeout=timeout, allowed_updates=allowed_updates,
        long_polling_timeout=long_polling_timeout)
  File "/home/helpflcorn/.local/lib/python3.14/site-packages/telebot/apihelper.py", line 382, in get_updates
    return _make_request(token, method_url, params=payload)
  File "/home/helpflcorn/.local/lib/python3.14/site-packages/telebot/apihelper.py", line 168, in _make_request
    json_result = _check_result(method_name, result)
  File "/home/helpflcorn/.local/lib/python3.14/site-packages/telebot/apihelper.py", line 197, in _check_result
    raise ApiTelegramException(method_name, result, result_json)
telebot.apihelper.ApiTelegramException: A request to the Telegram API was unsuccessful. Error code: 409. Description: Conflict: terminated by other getUpdates request; make sure that only one bot instance is running
"
2026-09-11 23:34:23,228 (__init__.py:1280 MainThread) ERROR - TeleBot: "Threaded polling exception: A request to the Telegram API was unsuccessful. Error code: 409. Description: Conflict: terminated by other getUpdates request; make sure that only one bot instance is running"
2026-09-11 23:34:23,231 (__init__.py:1282 MainThread) ERROR - TeleBot: "Exception traceback:
Traceback (most recent call last):
  File "/home/helpflcorn/.local/lib/python3.14/site-packages/telebot/__init__.py", line 1273, in __threaded_polling
    polling_thread.raise_exceptions()
    ~~~~~~~~~~~~~~~~~~~~~~~~~~~~~~~^^
  File "/home/helpflcorn/.local/lib/python3.14/site-packages/telebot/util.py", line 116, in raise_exceptions
    raise self.exception_info
  File "/home/helpflcorn/.local/lib/python3.14/site-packages/telebot/util.py", line 98, in run
    task(*args, **kwargs)
    ~~~~^^^^^^^^^^^^^^^^^
  File "/home/helpflcorn/.local/lib/python3.14/site-packages/telebot/__init__.py", line 691, in __retrieve_updates
    updates = self.get_updates(offset=(self.last_update_id + 1),
                               allowed_updates=allowed_updates,
                               timeout=timeout, long_polling_timeout=long_polling_timeout)
  File "/home/helpflcorn/.local/lib/python3.14/site-packages/telebot/__init__.py", line 663, in get_updates
    json_updates = apihelper.get_updates(
        self.token, offset=offset, limit=limit, timeout=timeout, allowed_updates=allowed_updates,
        long_polling_timeout=long_polling_timeout)
  File "/home/helpflcorn/.local/lib/python3.14/site-packages/telebot/apihelper.py", line 382, in get_updates
    return _make_request(token, method_url, params=payload)
  File "/home/helpflcorn/.local/lib/python3.14/site-packages/telebot/apihelper.py", line 168, in _make_request
    json_result = _check_result(method_name, result)
  File "/home/helpflcorn/.local/lib/python3.14/site-packages/telebot/apihelper.py", line 197, in _check_result
    raise ApiTelegramException(method_name, result, result_json)
telebot.apihelper.ApiTelegramException: A request to the Telegram API was unsuccessful. Error code: 409. Description: Conflict: terminated by other getUpdates request; make sure that only one bot instance is running
"
2026-09-11 23:34:26,953 (__init__.py:1280 MainThread) ERROR - TeleBot: "Threaded polling exception: A request to the Telegram API was unsuccessful. Error code: 409. Description: Conflict: terminated by other getUpdates request; make sure that only one bot instance is running"
2026-09-11 23:34:26,956 (__init__.py:1282 MainThread) ERROR - TeleBot: "Exception traceback:
Traceback (most recent call last):
  File "/home/helpflcorn/.local/lib/python3.14/site-packages/telebot/__init__.py", line 1273, in __threaded_polling
    polling_thread.raise_exceptions()
    ~~~~~~~~~~~~~~~~~~~~~~~~~~~~~~~^^
  File "/home/helpflcorn/.local/lib/python3.14/site-packages/telebot/util.py", line 116, in raise_exceptions
    raise self.exception_info
  File "/home/helpflcorn/.local/lib/python3.14/site-packages/telebot/util.py", line 98, in run
    task(*args, **kwargs)
    ~~~~^^^^^^^^^^^^^^^^^
  File "/home/helpflcorn/.local/lib/python3.14/site-packages/telebot/__init__.py", line 691, in __retrieve_updates
    updates = self.get_updates(offset=(self.last_update_id + 1),
                               allowed_updates=allowed_updates,
                               timeout=timeout, long_polling_timeout=long_polling_timeout)
  File "/home/helpflcorn/.local/lib/python3.14/site-packages/telebot/__init__.py", line 663, in get_updates
    json_updates = apihelper.get_updates(
        self.token, offset=offset, limit=limit, timeout=timeout, allowed_updates=allowed_updates,
        long_polling_timeout=long_polling_timeout)
  File "/home/helpflcorn/.local/lib/python3.14/site-packages/telebot/apihelper.py", line 382, in get_updates
    return _make_request(token, method_url, params=payload)
  File "/home/helpflcorn/.local/lib/python3.14/site-packages/telebot/apihelper.py", line 168, in _make_request
    json_result = _check_result(method_name, result)
  File "/home/helpflcorn/.local/lib/python3.14/site-packages/telebot/apihelper.py", line 197, in _check_result
    raise ApiTelegramException(method_name, result, result_json)
telebot.apihelper.ApiTelegramException: A request to the Telegram API was unsuccessful. Error code: 409. Description: Conflict: terminated by other getUpdates request; make sure that only one bot instance is running
"
2026-09-11 23:34:31,270 (__init__.py:1280 MainThread) ERROR - TeleBot: "Threaded polling exception: A request to the Telegram API was unsuccessful. Error code: 409. Description: Conflict: terminated by other getUpdates request; make sure that only one bot instance is running"
2026-09-11 23:34:31,272 (__init__.py:1282 MainThread) ERROR - TeleBot: "Exception traceback:
Traceback (most recent call last):
  File "/home/helpflcorn/.local/lib/python3.14/site-packages/telebot/__init__.py", line 1273, in __threaded_polling
    polling_thread.raise_exceptions()
    ~~~~~~~~~~~~~~~~~~~~~~~~~~~~~~~^^
  File "/home/helpflcorn/.local/lib/python3.14/site-packages/telebot/util.py", line 116, in raise_exceptions
    raise self.exception_info
  File "/home/helpflcorn/.local/lib/python3.14/site-packages/telebot/util.py", line 98, in run
    task(*args, **kwargs)
    ~~~~^^^^^^^^^^^^^^^^^
  File "/home/helpflcorn/.local/lib/python3.14/site-packages/telebot/__init__.py", line 691, in __retrieve_updates
    updates = self.get_updates(offset=(self.last_update_id + 1),
                               allowed_updates=allowed_updates,
                               timeout=timeout, long_polling_timeout=long_polling_timeout)
  File "/home/helpflcorn/.local/lib/python3.14/site-packages/telebot/__init__.py", line 663, in get_updates
    json_updates = apihelper.get_updates(
        self.token, offset=offset, limit=limit, timeout=timeout, allowed_updates=allowed_updates,
        long_polling_timeout=long_polling_timeout)
  File "/home/helpflcorn/.local/lib/python3.14/site-packages/telebot/apihelper.py", line 382, in get_updates
    return _make_request(token, method_url, params=payload)
  File "/home/helpflcorn/.local/lib/python3.14/site-packages/telebot/apihelper.py", line 168, in _make_request
    json_result = _check_result(method_name, result)
  File "/home/helpflcorn/.local/lib/python3.14/site-packages/telebot/apihelper.py", line 197, in _check_result
    raise ApiTelegramException(method_name, result, result_json)
telebot.apihelper.ApiTelegramException: A request to the Telegram API was unsuccessful. Error code: 409. Description: Conflict: terminated by other getUpdates request; make sure that only one bot instance is running
"
2026-09-12 01:44:17,739 (__init__.py:1154 MainThread) ERROR - TeleBot: "Infinity polling exception: HTTPSConnectionPool(host='api.telegram.org', port=443): Read timed out. (read timeout=25)"
2026-09-12 01:44:17,745 (__init__.py:1156 MainThread) ERROR - TeleBot: "Exception traceback:
Traceback (most recent call last):
  File "/usr/lib/python3.14/site-packages/urllib3/connectionpool.py", line 534, in _make_request
    response = conn.getresponse()
  File "/usr/lib/python3.14/site-packages/urllib3/connection.py", line 571, in getresponse
    httplib_response = super().getresponse()
  File "/usr/lib64/python3.14/http/client.py", line 1478, in getresponse
    response.begin()
    ~~~~~~~~~~~~~~^^
  File "/usr/lib64/python3.14/http/client.py", line 343, in begin
    version, status, reason = self._read_status()
                              ~~~~~~~~~~~~~~~~~^^
  File "/usr/lib64/python3.14/http/client.py", line 304, in _read_status
    line = str(self.fp.readline(_MAXLINE + 1), "iso-8859-1")
               ~~~~~~~~~~~~~~~~^^^^^^^^^^^^^^
  File "/usr/lib64/python3.14/socket.py", line 729, in readinto
    return self._sock.recv_into(b)
           ~~~~~~~~~~~~~~~~~~~~^^^
  File "/usr/lib64/python3.14/ssl.py", line 1304, in recv_into
    return self.read(nbytes, buffer)
           ~~~~~~~~~^^^^^^^^^^^^^^^^
  File "/usr/lib64/python3.14/ssl.py", line 1138, in read
    return self._sslobj.read(len, buffer)
           ~~~~~~~~~~~~~~~~~^^^^^^^^^^^^^
TimeoutError: The read operation timed out

The above exception was the direct cause of the following exception:

Traceback (most recent call last):
  File "/usr/lib/python3.14/site-packages/requests/adapters.py", line 645, in send
    resp = conn.urlopen(
        method=request.method,
    ...<9 lines>...
        chunked=chunked,
    )
  File "/usr/lib/python3.14/site-packages/urllib3/connectionpool.py", line 842, in urlopen
    retries = retries.increment(
        method, url, error=new_e, _pool=self, _stacktrace=sys.exc_info()[2]
    )
  File "/usr/lib/python3.14/site-packages/urllib3/util/retry.py", line 498, in increment
    raise reraise(type(error), error, _stacktrace)
          ~~~~~~~^^^^^^^^^^^^^^^^^^^^^^^^^^^^^^^^^
  File "/usr/lib/python3.14/site-packages/urllib3/util/util.py", line 39, in reraise
    raise value
  File "/usr/lib/python3.14/site-packages/urllib3/connectionpool.py", line 788, in urlopen
    response = self._make_request(
        conn,
    ...<10 lines>...
        **response_kw,
    )
  File "/usr/lib/python3.14/site-packages/urllib3/connectionpool.py", line 536, in _make_request
    self._raise_timeout(err=e, url=url, timeout_value=read_timeout)
    ~~~~~~~~~~~~~~~~~~~^^^^^^^^^^^^^^^^^^^^^^^^^^^^^^^^^^^^^^^^^^^^
  File "/usr/lib/python3.14/site-packages/urllib3/connectionpool.py", line 367, in _raise_timeout
    raise ReadTimeoutError(
        self, url, f"Read timed out. (read timeout={timeout_value})"
    ) from err
urllib3.exceptions.ReadTimeoutError: HTTPSConnectionPool(host='api.telegram.org', port=443): Read timed out. (read timeout=25)

During handling of the above exception, another exception occurred:

Traceback (most recent call last):
  File "/home/helpflcorn/.local/lib/python3.14/site-packages/telebot/__init__.py", line 1149, in infinity_polling
    self.polling(non_stop=True, timeout=timeout, long_polling_timeout=long_polling_timeout,
    ~~~~~~~~~~~~^^^^^^^^^^^^^^^^^^^^^^^^^^^^^^^^^^^^^^^^^^^^^^^^^^^^^^^^^^^^^^^^^^^^^^^^^^^
                 logger_level=logger_level, allowed_updates=allowed_updates, restart_on_change=False,
                 ^^^^^^^^^^^^^^^^^^^^^^^^^^^^^^^^^^^^^^^^^^^^^^^^^^^^^^^^^^^^^^^^^^^^^^^^^^^^^^^^^^^^
                 *args, **kwargs)
                 ^^^^^^^^^^^^^^^^
  File "/home/helpflcorn/.local/lib/python3.14/site-packages/telebot/__init__.py", line 1237, in polling
    self.__threaded_polling(non_stop=non_stop, interval=interval, timeout=timeout, long_polling_timeout=long_polling_timeout,
    ~~~~~~~~~~~~~~~~~~~~~~~^^^^^^^^^^^^^^^^^^^^^^^^^^^^^^^^^^^^^^^^^^^^^^^^^^^^^^^^^^^^^^^^^^^^^^^^^^^^^^^^^^^^^^^^^^^^^^^^^^
                            logger_level=logger_level, allowed_updates=allowed_updates)
                            ^^^^^^^^^^^^^^^^^^^^^^^^^^^^^^^^^^^^^^^^^^^^^^^^^^^^^^^^^^^
  File "/home/helpflcorn/.local/lib/python3.14/site-packages/telebot/__init__.py", line 1312, in __threaded_polling
    raise e
  File "/home/helpflcorn/.local/lib/python3.14/site-packages/telebot/__init__.py", line 1273, in __threaded_polling
    polling_thread.raise_exceptions()
    ~~~~~~~~~~~~~~~~~~~~~~~~~~~~~~~^^
  File "/home/helpflcorn/.local/lib/python3.14/site-packages/telebot/util.py", line 116, in raise_exceptions
    raise self.exception_info
  File "/home/helpflcorn/.local/lib/python3.14/site-packages/telebot/util.py", line 98, in run
    task(*args, **kwargs)
    ~~~~^^^^^^^^^^^^^^^^^
  File "/home/helpflcorn/.local/lib/python3.14/site-packages/telebot/__init__.py", line 691, in __retrieve_updates
    updates = self.get_updates(offset=(self.last_update_id + 1),
                               allowed_updates=allowed_updates,
                               timeout=timeout, long_polling_timeout=long_polling_timeout)
  File "/home/helpflcorn/.local/lib/python3.14/site-packages/telebot/__init__.py", line 663, in get_updates
    json_updates = apihelper.get_updates(
        self.token, offset=offset, limit=limit, timeout=timeout, allowed_updates=allowed_updates,
        long_polling_timeout=long_polling_timeout)
  File "/home/helpflcorn/.local/lib/python3.14/site-packages/telebot/apihelper.py", line 382, in get_updates
    return _make_request(token, method_url, params=payload)
  File "/home/helpflcorn/.local/lib/python3.14/site-packages/telebot/apihelper.py", line 162, in _make_request
    result = _get_req_session().request(
        method, request_url, params=params, files=files,
        timeout=(connect_timeout, read_timeout), proxies=proxy)
  File "/usr/lib/python3.14/site-packages/requests/sessions.py", line 592, in request
    resp = self.send(prep, **send_kwargs)
  File "/usr/lib/python3.14/site-packages/requests/sessions.py", line 706, in send
    r = adapter.send(request, **kwargs)
  File "/usr/lib/python3.14/site-packages/requests/adapters.py", line 691, in send
    raise ReadTimeout(e, request=request)
requests.exceptions.ReadTimeout: HTTPSConnectionPool(host='api.telegram.org', port=443): Read timed out. (read timeout=25)
"
2026-09-12 09:26:55,399 (__init__.py:1154 MainThread) ERROR - TeleBot: "Infinity polling exception: HTTPSConnectionPool(host='api.telegram.org', port=443): Read timed out. (read timeout=25)"
2026-09-12 09:26:55,406 (__init__.py:1156 MainThread) ERROR - TeleBot: "Exception traceback:
Traceback (most recent call last):
  File "/usr/lib/python3.14/site-packages/urllib3/connectionpool.py", line 534, in _make_request
    response = conn.getresponse()
  File "/usr/lib/python3.14/site-packages/urllib3/connection.py", line 571, in getresponse
    httplib_response = super().getresponse()
  File "/usr/lib64/python3.14/http/client.py", line 1478, in getresponse
    response.begin()
    ~~~~~~~~~~~~~~^^
  File "/usr/lib64/python3.14/http/client.py", line 343, in begin
    version, status, reason = self._read_status()
                              ~~~~~~~~~~~~~~~~~^^
  File "/usr/lib64/python3.14/http/client.py", line 304, in _read_status
    line = str(self.fp.readline(_MAXLINE + 1), "iso-8859-1")
               ~~~~~~~~~~~~~~~~^^^^^^^^^^^^^^
  File "/usr/lib64/python3.14/socket.py", line 729, in readinto
    return self._sock.recv_into(b)
           ~~~~~~~~~~~~~~~~~~~~^^^
  File "/usr/lib64/python3.14/ssl.py", line 1304, in recv_into
    return self.read(nbytes, buffer)
           ~~~~~~~~~^^^^^^^^^^^^^^^^
  File "/usr/lib64/python3.14/ssl.py", line 1138, in read
    return self._sslobj.read(len, buffer)
           ~~~~~~~~~~~~~~~~~^^^^^^^^^^^^^
TimeoutError: The read operation timed out

The above exception was the direct cause of the following exception:

Traceback (most recent call last):
  File "/usr/lib/python3.14/site-packages/requests/adapters.py", line 645, in send
    resp = conn.urlopen(
        method=request.method,
    ...<9 lines>...
        chunked=chunked,
    )
  File "/usr/lib/python3.14/site-packages/urllib3/connectionpool.py", line 842, in urlopen
    retries = retries.increment(
        method, url, error=new_e, _pool=self, _stacktrace=sys.exc_info()[2]
    )
  File "/usr/lib/python3.14/site-packages/urllib3/util/retry.py", line 498, in increment
    raise reraise(type(error), error, _stacktrace)
          ~~~~~~~^^^^^^^^^^^^^^^^^^^^^^^^^^^^^^^^^
  File "/usr/lib/python3.14/site-packages/urllib3/util/util.py", line 39, in reraise
    raise value
  File "/usr/lib/python3.14/site-packages/urllib3/connectionpool.py", line 788, in urlopen
    response = self._make_request(
        conn,
    ...<10 lines>...
        **response_kw,
    )
  File "/usr/lib/python3.14/site-packages/urllib3/connectionpool.py", line 536, in _make_request
    self._raise_timeout(err=e, url=url, timeout_value=read_timeout)
    ~~~~~~~~~~~~~~~~~~~^^^^^^^^^^^^^^^^^^^^^^^^^^^^^^^^^^^^^^^^^^^^
  File "/usr/lib/python3.14/site-packages/urllib3/connectionpool.py", line 367, in _raise_timeout
    raise ReadTimeoutError(
        self, url, f"Read timed out. (read timeout={timeout_value})"
    ) from err
urllib3.exceptions.ReadTimeoutError: HTTPSConnectionPool(host='api.telegram.org', port=443): Read timed out. (read timeout=25)

During handling of the above exception, another exception occurred:

Traceback (most recent call last):
  File "/home/helpflcorn/.local/lib/python3.14/site-packages/telebot/__init__.py", line 1149, in infinity_polling
    self.polling(non_stop=True, timeout=timeout, long_polling_timeout=long_polling_timeout,
    ~~~~~~~~~~~~^^^^^^^^^^^^^^^^^^^^^^^^^^^^^^^^^^^^^^^^^^^^^^^^^^^^^^^^^^^^^^^^^^^^^^^^^^^
                 logger_level=logger_level, allowed_updates=allowed_updates, restart_on_change=False,
                 ^^^^^^^^^^^^^^^^^^^^^^^^^^^^^^^^^^^^^^^^^^^^^^^^^^^^^^^^^^^^^^^^^^^^^^^^^^^^^^^^^^^^
                 *args, **kwargs)
                 ^^^^^^^^^^^^^^^^
  File "/home/helpflcorn/.local/lib/python3.14/site-packages/telebot/__init__.py", line 1237, in polling
    self.__threaded_polling(non_stop=non_stop, interval=interval, timeout=timeout, long_polling_timeout=long_polling_timeout,
    ~~~~~~~~~~~~~~~~~~~~~~~^^^^^^^^^^^^^^^^^^^^^^^^^^^^^^^^^^^^^^^^^^^^^^^^^^^^^^^^^^^^^^^^^^^^^^^^^^^^^^^^^^^^^^^^^^^^^^^^^^
                            logger_level=logger_level, allowed_updates=allowed_updates)
                            ^^^^^^^^^^^^^^^^^^^^^^^^^^^^^^^^^^^^^^^^^^^^^^^^^^^^^^^^^^^
  File "/home/helpflcorn/.local/lib/python3.14/site-packages/telebot/__init__.py", line 1312, in __threaded_polling
    raise e
  File "/home/helpflcorn/.local/lib/python3.14/site-packages/telebot/__init__.py", line 1273, in __threaded_polling
    polling_thread.raise_exceptions()
    ~~~~~~~~~~~~~~~~~~~~~~~~~~~~~~~^^
  File "/home/helpflcorn/.local/lib/python3.14/site-packages/telebot/util.py", line 116, in raise_exceptions
    raise self.exception_info
  File "/home/helpflcorn/.local/lib/python3.14/site-packages/telebot/util.py", line 98, in run
    task(*args, **kwargs)
    ~~~~^^^^^^^^^^^^^^^^^
  File "/home/helpflcorn/.local/lib/python3.14/site-packages/telebot/__init__.py", line 691, in __retrieve_updates
    updates = self.get_updates(offset=(self.last_update_id + 1),
                               allowed_updates=allowed_updates,
                               timeout=timeout, long_polling_timeout=long_polling_timeout)
  File "/home/helpflcorn/.local/lib/python3.14/site-packages/telebot/__init__.py", line 663, in get_updates
    json_updates = apihelper.get_updates(
        self.token, offset=offset, limit=limit, timeout=timeout, allowed_updates=allowed_updates,
        long_polling_timeout=long_polling_timeout)
  File "/home/helpflcorn/.local/lib/python3.14/site-packages/telebot/apihelper.py", line 382, in get_updates
    return _make_request(token, method_url, params=payload)
  File "/home/helpflcorn/.local/lib/python3.14/site-packages/telebot/apihelper.py", line 162, in _make_request
    result = _get_req_session().request(
        method, request_url, params=params, files=files,
        timeout=(connect_timeout, read_timeout), proxies=proxy)
  File "/usr/lib/python3.14/site-packages/requests/sessions.py", line 592, in request
    resp = self.send(prep, **send_kwargs)
  File "/usr/lib/python3.14/site-packages/requests/sessions.py", line 706, in send
    r = adapter.send(request, **kwargs)
  File "/usr/lib/python3.14/site-packages/requests/adapters.py", line 691, in send
    raise ReadTimeout(e, request=request)
requests.exceptions.ReadTimeout: HTTPSConnectionPool(host='api.telegram.org', port=443): Read timed out. (read timeout=25)
"
2026-09-12 11:07:36,570 (__init__.py:1154 MainThread) ERROR - TeleBot: "Infinity polling exception: HTTPSConnectionPool(host='api.telegram.org', port=443): Read timed out. (read timeout=25)"
2026-09-12 11:07:36,583 (__init__.py:1156 MainThread) ERROR - TeleBot: "Exception traceback:
Traceback (most recent call last):
  File "/usr/lib/python3.14/site-packages/urllib3/connectionpool.py", line 534, in _make_request
    response = conn.getresponse()
  File "/usr/lib/python3.14/site-packages/urllib3/connection.py", line 571, in getresponse
    httplib_response = super().getresponse()
  File "/usr/lib64/python3.14/http/client.py", line 1478, in getresponse
    response.begin()
    ~~~~~~~~~~~~~~^^
  File "/usr/lib64/python3.14/http/client.py", line 343, in begin
    version, status, reason = self._read_status()
                              ~~~~~~~~~~~~~~~~~^^
  File "/usr/lib64/python3.14/http/client.py", line 304, in _read_status
    line = str(self.fp.readline(_MAXLINE + 1), "iso-8859-1")
               ~~~~~~~~~~~~~~~~^^^^^^^^^^^^^^
  File "/usr/lib64/python3.14/socket.py", line 729, in readinto
    return self._sock.recv_into(b)
           ~~~~~~~~~~~~~~~~~~~~^^^
  File "/usr/lib64/python3.14/ssl.py", line 1304, in recv_into
    return self.read(nbytes, buffer)
           ~~~~~~~~~^^^^^^^^^^^^^^^^
  File "/usr/lib64/python3.14/ssl.py", line 1138, in read
    return self._sslobj.read(len, buffer)
           ~~~~~~~~~~~~~~~~~^^^^^^^^^^^^^
TimeoutError: The read operation timed out

The above exception was the direct cause of the following exception:

Traceback (most recent call last):
  File "/usr/lib/python3.14/site-packages/requests/adapters.py", line 645, in send
    resp = conn.urlopen(
        method=request.method,
    ...<9 lines>...
        chunked=chunked,
    )
  File "/usr/lib/python3.14/site-packages/urllib3/connectionpool.py", line 842, in urlopen
    retries = retries.increment(
        method, url, error=new_e, _pool=self, _stacktrace=sys.exc_info()[2]
    )
  File "/usr/lib/python3.14/site-packages/urllib3/util/retry.py", line 498, in increment
    raise reraise(type(error), error, _stacktrace)
          ~~~~~~~^^^^^^^^^^^^^^^^^^^^^^^^^^^^^^^^^
  File "/usr/lib/python3.14/site-packages/urllib3/util/util.py", line 39, in reraise
    raise value
  File "/usr/lib/python3.14/site-packages/urllib3/connectionpool.py", line 788, in urlopen
    response = self._make_request(
        conn,
    ...<10 lines>...
        **response_kw,
    )
  File "/usr/lib/python3.14/site-packages/urllib3/connectionpool.py", line 536, in _make_request
    self._raise_timeout(err=e, url=url, timeout_value=read_timeout)
    ~~~~~~~~~~~~~~~~~~~^^^^^^^^^^^^^^^^^^^^^^^^^^^^^^^^^^^^^^^^^^^^
  File "/usr/lib/python3.14/site-packages/urllib3/connectionpool.py", line 367, in _raise_timeout
    raise ReadTimeoutError(
        self, url, f"Read timed out. (read timeout={timeout_value})"
    ) from err
urllib3.exceptions.ReadTimeoutError: HTTPSConnectionPool(host='api.telegram.org', port=443): Read timed out. (read timeout=25)

During handling of the above exception, another exception occurred:

Traceback (most recent call last):
  File "/home/helpflcorn/.local/lib/python3.14/site-packages/telebot/__init__.py", line 1149, in infinity_polling
    self.polling(non_stop=True, timeout=timeout, long_polling_timeout=long_polling_timeout,
    ~~~~~~~~~~~~^^^^^^^^^^^^^^^^^^^^^^^^^^^^^^^^^^^^^^^^^^^^^^^^^^^^^^^^^^^^^^^^^^^^^^^^^^^
                 logger_level=logger_level, allowed_updates=allowed_updates, restart_on_change=False,
                 ^^^^^^^^^^^^^^^^^^^^^^^^^^^^^^^^^^^^^^^^^^^^^^^^^^^^^^^^^^^^^^^^^^^^^^^^^^^^^^^^^^^^
                 *args, **kwargs)
                 ^^^^^^^^^^^^^^^^
  File "/home/helpflcorn/.local/lib/python3.14/site-packages/telebot/__init__.py", line 1237, in polling
    self.__threaded_polling(non_stop=non_stop, interval=interval, timeout=timeout, long_polling_timeout=long_polling_timeout,
    ~~~~~~~~~~~~~~~~~~~~~~~^^^^^^^^^^^^^^^^^^^^^^^^^^^^^^^^^^^^^^^^^^^^^^^^^^^^^^^^^^^^^^^^^^^^^^^^^^^^^^^^^^^^^^^^^^^^^^^^^^
                            logger_level=logger_level, allowed_updates=allowed_updates)
                            ^^^^^^^^^^^^^^^^^^^^^^^^^^^^^^^^^^^^^^^^^^^^^^^^^^^^^^^^^^^
  File "/home/helpflcorn/.local/lib/python3.14/site-packages/telebot/__init__.py", line 1312, in __threaded_polling
    raise e
  File "/home/helpflcorn/.local/lib/python3.14/site-packages/telebot/__init__.py", line 1273, in __threaded_polling
    polling_thread.raise_exceptions()
    ~~~~~~~~~~~~~~~~~~~~~~~~~~~~~~~^^
  File "/home/helpflcorn/.local/lib/python3.14/site-packages/telebot/util.py", line 116, in raise_exceptions
    raise self.exception_info
  File "/home/helpflcorn/.local/lib/python3.14/site-packages/telebot/util.py", line 98, in run
    task(*args, **kwargs)
    ~~~~^^^^^^^^^^^^^^^^^
  File "/home/helpflcorn/.local/lib/python3.14/site-packages/telebot/__init__.py", line 691, in __retrieve_updates
    updates = self.get_updates(offset=(self.last_update_id + 1),
                               allowed_updates=allowed_updates,
                               timeout=timeout, long_polling_timeout=long_polling_timeout)
  File "/home/helpflcorn/.local/lib/python3.14/site-packages/telebot/__init__.py", line 663, in get_updates
    json_updates = apihelper.get_updates(
        self.token, offset=offset, limit=limit, timeout=timeout, allowed_updates=allowed_updates,
        long_polling_timeout=long_polling_timeout)
  File "/home/helpflcorn/.local/lib/python3.14/site-packages/telebot/apihelper.py", line 382, in get_updates
    return _make_request(token, method_url, params=payload)
  File "/home/helpflcorn/.local/lib/python3.14/site-packages/telebot/apihelper.py", line 162, in _make_request
    result = _get_req_session().request(
        method, request_url, params=params, files=files,
        timeout=(connect_timeout, read_timeout), proxies=proxy)
  File "/usr/lib/python3.14/site-packages/requests/sessions.py", line 592, in request
    resp = self.send(prep, **send_kwargs)
  File "/usr/lib/python3.14/site-packages/requests/sessions.py", line 706, in send
    r = adapter.send(request, **kwargs)
  File "/usr/lib/python3.14/site-packages/requests/adapters.py", line 691, in send
    raise ReadTimeout(e, request=request)
requests.exceptions.ReadTimeout: HTTPSConnectionPool(host='api.telegram.org', port=443): Read timed out. (read timeout=25)
"
2026-09-12 16:18:10,602 (__init__.py:1154 MainThread) ERROR - TeleBot: "Infinity polling exception: HTTPSConnectionPool(host='api.telegram.org', port=443): Read timed out. (read timeout=25)"
2026-09-12 16:18:10,607 (__init__.py:1156 MainThread) ERROR - TeleBot: "Exception traceback:
Traceback (most recent call last):
  File "/usr/lib/python3.14/site-packages/urllib3/connectionpool.py", line 534, in _make_request
    response = conn.getresponse()
  File "/usr/lib/python3.14/site-packages/urllib3/connection.py", line 571, in getresponse
    httplib_response = super().getresponse()
  File "/usr/lib64/python3.14/http/client.py", line 1478, in getresponse
    response.begin()
    ~~~~~~~~~~~~~~^^
  File "/usr/lib64/python3.14/http/client.py", line 343, in begin
    version, status, reason = self._read_status()
                              ~~~~~~~~~~~~~~~~~^^
  File "/usr/lib64/python3.14/http/client.py", line 304, in _read_status
    line = str(self.fp.readline(_MAXLINE + 1), "iso-8859-1")
               ~~~~~~~~~~~~~~~~^^^^^^^^^^^^^^
  File "/usr/lib64/python3.14/socket.py", line 729, in readinto
    return self._sock.recv_into(b)
           ~~~~~~~~~~~~~~~~~~~~^^^
  File "/usr/lib64/python3.14/ssl.py", line 1304, in recv_into
    return self.read(nbytes, buffer)
           ~~~~~~~~~^^^^^^^^^^^^^^^^
  File "/usr/lib64/python3.14/ssl.py", line 1138, in read
    return self._sslobj.read(len, buffer)
           ~~~~~~~~~~~~~~~~~^^^^^^^^^^^^^
TimeoutError: The read operation timed out

The above exception was the direct cause of the following exception:

Traceback (most recent call last):
  File "/usr/lib/python3.14/site-packages/requests/adapters.py", line 645, in send
    resp = conn.urlopen(
        method=request.method,
    ...<9 lines>...
        chunked=chunked,
    )
  File "/usr/lib/python3.14/site-packages/urllib3/connectionpool.py", line 842, in urlopen
    retries = retries.increment(
        method, url, error=new_e, _pool=self, _stacktrace=sys.exc_info()[2]
    )
  File "/usr/lib/python3.14/site-packages/urllib3/util/retry.py", line 498, in increment
    raise reraise(type(error), error, _stacktrace)
          ~~~~~~~^^^^^^^^^^^^^^^^^^^^^^^^^^^^^^^^^
  File "/usr/lib/python3.14/site-packages/urllib3/util/util.py", line 39, in reraise
    raise value
  File "/usr/lib/python3.14/site-packages/urllib3/connectionpool.py", line 788, in urlopen
    response = self._make_request(
        conn,
    ...<10 lines>...
        **response_kw,
    )
  File "/usr/lib/python3.14/site-packages/urllib3/connectionpool.py", line 536, in _make_request
    self._raise_timeout(err=e, url=url, timeout_value=read_timeout)
    ~~~~~~~~~~~~~~~~~~~^^^^^^^^^^^^^^^^^^^^^^^^^^^^^^^^^^^^^^^^^^^^
  File "/usr/lib/python3.14/site-packages/urllib3/connectionpool.py", line 367, in _raise_timeout
    raise ReadTimeoutError(
        self, url, f"Read timed out. (read timeout={timeout_value})"
    ) from err
urllib3.exceptions.ReadTimeoutError: HTTPSConnectionPool(host='api.telegram.org', port=443): Read timed out. (read timeout=25)

During handling of the above exception, another exception occurred:

Traceback (most recent call last):
  File "/home/helpflcorn/.local/lib/python3.14/site-packages/telebot/__init__.py", line 1149, in infinity_polling
    self.polling(non_stop=True, timeout=timeout, long_polling_timeout=long_polling_timeout,
    ~~~~~~~~~~~~^^^^^^^^^^^^^^^^^^^^^^^^^^^^^^^^^^^^^^^^^^^^^^^^^^^^^^^^^^^^^^^^^^^^^^^^^^^
                 logger_level=logger_level, allowed_updates=allowed_updates, restart_on_change=False,
                 ^^^^^^^^^^^^^^^^^^^^^^^^^^^^^^^^^^^^^^^^^^^^^^^^^^^^^^^^^^^^^^^^^^^^^^^^^^^^^^^^^^^^
                 *args, **kwargs)
                 ^^^^^^^^^^^^^^^^
  File "/home/helpflcorn/.local/lib/python3.14/site-packages/telebot/__init__.py", line 1237, in polling
    self.__threaded_polling(non_stop=non_stop, interval=interval, timeout=timeout, long_polling_timeout=long_polling_timeout,
    ~~~~~~~~~~~~~~~~~~~~~~~^^^^^^^^^^^^^^^^^^^^^^^^^^^^^^^^^^^^^^^^^^^^^^^^^^^^^^^^^^^^^^^^^^^^^^^^^^^^^^^^^^^^^^^^^^^^^^^^^^
                            logger_level=logger_level, allowed_updates=allowed_updates)
                            ^^^^^^^^^^^^^^^^^^^^^^^^^^^^^^^^^^^^^^^^^^^^^^^^^^^^^^^^^^^
  File "/home/helpflcorn/.local/lib/python3.14/site-packages/telebot/__init__.py", line 1312, in __threaded_polling
    raise e
  File "/home/helpflcorn/.local/lib/python3.14/site-packages/telebot/__init__.py", line 1273, in __threaded_polling
    polling_thread.raise_exceptions()
    ~~~~~~~~~~~~~~~~~~~~~~~~~~~~~~~^^
  File "/home/helpflcorn/.local/lib/python3.14/site-packages/telebot/util.py", line 116, in raise_exceptions
    raise self.exception_info
  File "/home/helpflcorn/.local/lib/python3.14/site-packages/telebot/util.py", line 98, in run
    task(*args, **kwargs)
    ~~~~^^^^^^^^^^^^^^^^^
  File "/home/helpflcorn/.local/lib/python3.14/site-packages/telebot/__init__.py", line 691, in __retrieve_updates
    updates = self.get_updates(offset=(self.last_update_id + 1),
                               allowed_updates=allowed_updates,
                               timeout=timeout, long_polling_timeout=long_polling_timeout)
  File "/home/helpflcorn/.local/lib/python3.14/site-packages/telebot/__init__.py", line 663, in get_updates
    json_updates = apihelper.get_updates(
        self.token, offset=offset, limit=limit, timeout=timeout, allowed_updates=allowed_updates,
        long_polling_timeout=long_polling_timeout)
  File "/home/helpflcorn/.local/lib/python3.14/site-packages/telebot/apihelper.py", line 382, in get_updates
    return _make_request(token, method_url, params=payload)
  File "/home/helpflcorn/.local/lib/python3.14/site-packages/telebot/apihelper.py", line 162, in _make_request
    result = _get_req_session().request(
        method, request_url, params=params, files=files,
        timeout=(connect_timeout, read_timeout), proxies=proxy)
  File "/usr/lib/python3.14/site-packages/requests/sessions.py", line 592, in request
    resp = self.send(prep, **send_kwargs)
  File "/usr/lib/python3.14/site-packages/requests/sessions.py", line 706, in send
    r = adapter.send(request, **kwargs)
  File "/usr/lib/python3.14/site-packages/requests/adapters.py", line 691, in send
    raise ReadTimeout(e, request=request)
requests.exceptions.ReadTimeout: HTTPSConnectionPool(host='api.telegram.org', port=443): Read timed out. (read timeout=25)
"
2026-09-12 16:27:11,928 (__init__.py:1154 MainThread) ERROR - TeleBot: "Infinity polling exception: HTTPSConnectionPool(host='api.telegram.org', port=443): Read timed out. (read timeout=25)"
2026-09-12 16:27:11,934 (__init__.py:1156 MainThread) ERROR - TeleBot: "Exception traceback:
Traceback (most recent call last):
  File "/usr/lib/python3.14/site-packages/urllib3/connectionpool.py", line 534, in _make_request
    response = conn.getresponse()
  File "/usr/lib/python3.14/site-packages/urllib3/connection.py", line 571, in getresponse
    httplib_response = super().getresponse()
  File "/usr/lib64/python3.14/http/client.py", line 1478, in getresponse
    response.begin()
    ~~~~~~~~~~~~~~^^
  File "/usr/lib64/python3.14/http/client.py", line 343, in begin
    version, status, reason = self._read_status()
                              ~~~~~~~~~~~~~~~~~^^
  File "/usr/lib64/python3.14/http/client.py", line 304, in _read_status
    line = str(self.fp.readline(_MAXLINE + 1), "iso-8859-1")
               ~~~~~~~~~~~~~~~~^^^^^^^^^^^^^^
  File "/usr/lib64/python3.14/socket.py", line 729, in readinto
    return self._sock.recv_into(b)
           ~~~~~~~~~~~~~~~~~~~~^^^
  File "/usr/lib64/python3.14/ssl.py", line 1304, in recv_into
    return self.read(nbytes, buffer)
           ~~~~~~~~~^^^^^^^^^^^^^^^^
  File "/usr/lib64/python3.14/ssl.py", line 1138, in read
    return self._sslobj.read(len, buffer)
           ~~~~~~~~~~~~~~~~~^^^^^^^^^^^^^
TimeoutError: The read operation timed out

The above exception was the direct cause of the following exception:

Traceback (most recent call last):
  File "/usr/lib/python3.14/site-packages/requests/adapters.py", line 645, in send
    resp = conn.urlopen(
        method=request.method,
    ...<9 lines>...
        chunked=chunked,
    )
  File "/usr/lib/python3.14/site-packages/urllib3/connectionpool.py", line 842, in urlopen
    retries = retries.increment(
        method, url, error=new_e, _pool=self, _stacktrace=sys.exc_info()[2]
    )
  File "/usr/lib/python3.14/site-packages/urllib3/util/retry.py", line 498, in increment
    raise reraise(type(error), error, _stacktrace)
          ~~~~~~~^^^^^^^^^^^^^^^^^^^^^^^^^^^^^^^^^
  File "/usr/lib/python3.14/site-packages/urllib3/util/util.py", line 39, in reraise
    raise value
  File "/usr/lib/python3.14/site-packages/urllib3/connectionpool.py", line 788, in urlopen
    response = self._make_request(
        conn,
    ...<10 lines>...
        **response_kw,
    )
  File "/usr/lib/python3.14/site-packages/urllib3/connectionpool.py", line 536, in _make_request
    self._raise_timeout(err=e, url=url, timeout_value=read_timeout)
    ~~~~~~~~~~~~~~~~~~~^^^^^^^^^^^^^^^^^^^^^^^^^^^^^^^^^^^^^^^^^^^^
  File "/usr/lib/python3.14/site-packages/urllib3/connectionpool.py", line 367, in _raise_timeout
    raise ReadTimeoutError(
        self, url, f"Read timed out. (read timeout={timeout_value})"
    ) from err
urllib3.exceptions.ReadTimeoutError: HTTPSConnectionPool(host='api.telegram.org', port=443): Read timed out. (read timeout=25)

During handling of the above exception, another exception occurred:

Traceback (most recent call last):
  File "/home/helpflcorn/.local/lib/python3.14/site-packages/telebot/__init__.py", line 1149, in infinity_polling
    self.polling(non_stop=True, timeout=timeout, long_polling_timeout=long_polling_timeout,
    ~~~~~~~~~~~~^^^^^^^^^^^^^^^^^^^^^^^^^^^^^^^^^^^^^^^^^^^^^^^^^^^^^^^^^^^^^^^^^^^^^^^^^^^
                 logger_level=logger_level, allowed_updates=allowed_updates, restart_on_change=False,
                 ^^^^^^^^^^^^^^^^^^^^^^^^^^^^^^^^^^^^^^^^^^^^^^^^^^^^^^^^^^^^^^^^^^^^^^^^^^^^^^^^^^^^
                 *args, **kwargs)
                 ^^^^^^^^^^^^^^^^
  File "/home/helpflcorn/.local/lib/python3.14/site-packages/telebot/__init__.py", line 1237, in polling
    self.__threaded_polling(non_stop=non_stop, interval=interval, timeout=timeout, long_polling_timeout=long_polling_timeout,
    ~~~~~~~~~~~~~~~~~~~~~~~^^^^^^^^^^^^^^^^^^^^^^^^^^^^^^^^^^^^^^^^^^^^^^^^^^^^^^^^^^^^^^^^^^^^^^^^^^^^^^^^^^^^^^^^^^^^^^^^^^
                            logger_level=logger_level, allowed_updates=allowed_updates)
                            ^^^^^^^^^^^^^^^^^^^^^^^^^^^^^^^^^^^^^^^^^^^^^^^^^^^^^^^^^^^
  File "/home/helpflcorn/.local/lib/python3.14/site-packages/telebot/__init__.py", line 1312, in __threaded_polling
    raise e
  File "/home/helpflcorn/.local/lib/python3.14/site-packages/telebot/__init__.py", line 1273, in __threaded_polling
    polling_thread.raise_exceptions()
    ~~~~~~~~~~~~~~~~~~~~~~~~~~~~~~~^^
  File "/home/helpflcorn/.local/lib/python3.14/site-packages/telebot/util.py", line 116, in raise_exceptions
    raise self.exception_info
  File "/home/helpflcorn/.local/lib/python3.14/site-packages/telebot/util.py", line 98, in run
    task(*args, **kwargs)
    ~~~~^^^^^^^^^^^^^^^^^
  File "/home/helpflcorn/.local/lib/python3.14/site-packages/telebot/__init__.py", line 691, in __retrieve_updates
    updates = self.get_updates(offset=(self.last_update_id + 1),
                               allowed_updates=allowed_updates,
                               timeout=timeout, long_polling_timeout=long_polling_timeout)
  File "/home/helpflcorn/.local/lib/python3.14/site-packages/telebot/__init__.py", line 663, in get_updates
    json_updates = apihelper.get_updates(
        self.token, offset=offset, limit=limit, timeout=timeout, allowed_updates=allowed_updates,
        long_polling_timeout=long_polling_timeout)
  File "/home/helpflcorn/.local/lib/python3.14/site-packages/telebot/apihelper.py", line 382, in get_updates
    return _make_request(token, method_url, params=payload)
  File "/home/helpflcorn/.local/lib/python3.14/site-packages/telebot/apihelper.py", line 162, in _make_request
    result = _get_req_session().request(
        method, request_url, params=params, files=files,
        timeout=(connect_timeout, read_timeout), proxies=proxy)
  File "/usr/lib/python3.14/site-packages/requests/sessions.py", line 592, in request
    resp = self.send(prep, **send_kwargs)
  File "/usr/lib/python3.14/site-packages/requests/sessions.py", line 706, in send
    r = adapter.send(request, **kwargs)
  File "/usr/lib/python3.14/site-packages/requests/adapters.py", line 691, in send
    raise ReadTimeout(e, request=request)
requests.exceptions.ReadTimeout: HTTPSConnectionPool(host='api.telegram.org', port=443): Read timed out. (read timeout=25)
"
2026-09-12 16:28:59,758 (__init__.py:1154 MainThread) ERROR - TeleBot: "Infinity polling exception: HTTPSConnectionPool(host='api.telegram.org', port=443): Read timed out. (read timeout=25)"
2026-09-12 16:28:59,765 (__init__.py:1156 MainThread) ERROR - TeleBot: "Exception traceback:
Traceback (most recent call last):
  File "/usr/lib/python3.14/site-packages/urllib3/connectionpool.py", line 534, in _make_request
    response = conn.getresponse()
  File "/usr/lib/python3.14/site-packages/urllib3/connection.py", line 571, in getresponse
    httplib_response = super().getresponse()
  File "/usr/lib64/python3.14/http/client.py", line 1478, in getresponse
    response.begin()
    ~~~~~~~~~~~~~~^^
  File "/usr/lib64/python3.14/http/client.py", line 343, in begin
    version, status, reason = self._read_status()
                              ~~~~~~~~~~~~~~~~~^^
  File "/usr/lib64/python3.14/http/client.py", line 304, in _read_status
    line = str(self.fp.readline(_MAXLINE + 1), "iso-8859-1")
               ~~~~~~~~~~~~~~~~^^^^^^^^^^^^^^
  File "/usr/lib64/python3.14/socket.py", line 729, in readinto
    return self._sock.recv_into(b)
           ~~~~~~~~~~~~~~~~~~~~^^^
  File "/usr/lib64/python3.14/ssl.py", line 1304, in recv_into
    return self.read(nbytes, buffer)
           ~~~~~~~~~^^^^^^^^^^^^^^^^
  File "/usr/lib64/python3.14/ssl.py", line 1138, in read
    return self._sslobj.read(len, buffer)
           ~~~~~~~~~~~~~~~~~^^^^^^^^^^^^^
TimeoutError: The read operation timed out

The above exception was the direct cause of the following exception:

Traceback (most recent call last):
  File "/usr/lib/python3.14/site-packages/requests/adapters.py", line 645, in send
    resp = conn.urlopen(
        method=request.method,
    ...<9 lines>...
        chunked=chunked,
    )
  File "/usr/lib/python3.14/site-packages/urllib3/connectionpool.py", line 842, in urlopen
    retries = retries.increment(
        method, url, error=new_e, _pool=self, _stacktrace=sys.exc_info()[2]
    )
  File "/usr/lib/python3.14/site-packages/urllib3/util/retry.py", line 498, in increment
    raise reraise(type(error), error, _stacktrace)
          ~~~~~~~^^^^^^^^^^^^^^^^^^^^^^^^^^^^^^^^^
  File "/usr/lib/python3.14/site-packages/urllib3/util/util.py", line 39, in reraise
    raise value
  File "/usr/lib/python3.14/site-packages/urllib3/connectionpool.py", line 788, in urlopen
    response = self._make_request(
        conn,
    ...<10 lines>...
        **response_kw,
    )
  File "/usr/lib/python3.14/site-packages/urllib3/connectionpool.py", line 536, in _make_request
    self._raise_timeout(err=e, url=url, timeout_value=read_timeout)
    ~~~~~~~~~~~~~~~~~~~^^^^^^^^^^^^^^^^^^^^^^^^^^^^^^^^^^^^^^^^^^^^
  File "/usr/lib/python3.14/site-packages/urllib3/connectionpool.py", line 367, in _raise_timeout
    raise ReadTimeoutError(
        self, url, f"Read timed out. (read timeout={timeout_value})"
    ) from err
urllib3.exceptions.ReadTimeoutError: HTTPSConnectionPool(host='api.telegram.org', port=443): Read timed out. (read timeout=25)

During handling of the above exception, another exception occurred:

Traceback (most recent call last):
  File "/home/helpflcorn/.local/lib/python3.14/site-packages/telebot/__init__.py", line 1149, in infinity_polling
    self.polling(non_stop=True, timeout=timeout, long_polling_timeout=long_polling_timeout,
    ~~~~~~~~~~~~^^^^^^^^^^^^^^^^^^^^^^^^^^^^^^^^^^^^^^^^^^^^^^^^^^^^^^^^^^^^^^^^^^^^^^^^^^^
                 logger_level=logger_level, allowed_updates=allowed_updates, restart_on_change=False,
                 ^^^^^^^^^^^^^^^^^^^^^^^^^^^^^^^^^^^^^^^^^^^^^^^^^^^^^^^^^^^^^^^^^^^^^^^^^^^^^^^^^^^^
                 *args, **kwargs)
                 ^^^^^^^^^^^^^^^^
  File "/home/helpflcorn/.local/lib/python3.14/site-packages/telebot/__init__.py", line 1237, in polling
    self.__threaded_polling(non_stop=non_stop, interval=interval, timeout=timeout, long_polling_timeout=long_polling_timeout,
    ~~~~~~~~~~~~~~~~~~~~~~~^^^^^^^^^^^^^^^^^^^^^^^^^^^^^^^^^^^^^^^^^^^^^^^^^^^^^^^^^^^^^^^^^^^^^^^^^^^^^^^^^^^^^^^^^^^^^^^^^^
                            logger_level=logger_level, allowed_updates=allowed_updates)
                            ^^^^^^^^^^^^^^^^^^^^^^^^^^^^^^^^^^^^^^^^^^^^^^^^^^^^^^^^^^^
  File "/home/helpflcorn/.local/lib/python3.14/site-packages/telebot/__init__.py", line 1312, in __threaded_polling
    raise e
  File "/home/helpflcorn/.local/lib/python3.14/site-packages/telebot/__init__.py", line 1273, in __threaded_polling
    polling_thread.raise_exceptions()
    ~~~~~~~~~~~~~~~~~~~~~~~~~~~~~~~^^
  File "/home/helpflcorn/.local/lib/python3.14/site-packages/telebot/util.py", line 116, in raise_exceptions
    raise self.exception_info
  File "/home/helpflcorn/.local/lib/python3.14/site-packages/telebot/util.py", line 98, in run
    task(*args, **kwargs)
    ~~~~^^^^^^^^^^^^^^^^^
  File "/home/helpflcorn/.local/lib/python3.14/site-packages/telebot/__init__.py", line 691, in __retrieve_updates
    updates = self.get_updates(offset=(self.last_update_id + 1),
                               allowed_updates=allowed_updates,
                               timeout=timeout, long_polling_timeout=long_polling_timeout)
  File "/home/helpflcorn/.local/lib/python3.14/site-packages/telebot/__init__.py", line 663, in get_updates
    json_updates = apihelper.get_updates(
        self.token, offset=offset, limit=limit, timeout=timeout, allowed_updates=allowed_updates,
        long_polling_timeout=long_polling_timeout)
  File "/home/helpflcorn/.local/lib/python3.14/site-packages/telebot/apihelper.py", line 382, in get_updates
    return _make_request(token, method_url, params=payload)
  File "/home/helpflcorn/.local/lib/python3.14/site-packages/telebot/apihelper.py", line 162, in _make_request
    result = _get_req_session().request(
        method, request_url, params=params, files=files,
        timeout=(connect_timeout, read_timeout), proxies=proxy)
  File "/usr/lib/python3.14/site-packages/requests/sessions.py", line 592, in request
    resp = self.send(prep, **send_kwargs)
  File "/usr/lib/python3.14/site-packages/requests/sessions.py", line 706, in send
    r = adapter.send(request, **kwargs)
  File "/usr/lib/python3.14/site-packages/requests/adapters.py", line 691, in send
    raise ReadTimeout(e, request=request)
requests.exceptions.ReadTimeout: HTTPSConnectionPool(host='api.telegram.org', port=443): Read timed out. (read timeout=25)
"
